{
    "train_loss": [
        2.9109709317033943,
        1.0107276990558163,
        1.005560445063042,
        1.0046086464867447,
        1.0054821904861566,
        1.0009079611662663,
        0.9980121209765925,
        0.9993142160502347,
        0.9949270414583611,
        0.9971249220949231,
        0.9911163945992788,
        0.9916655150326815,
        0.9570933706832655,
        0.8394181899952166,
        0.6592981932741223,
        0.562356145996036,
        0.49849194152788684,
        0.4691428451827078,
        0.44557925832994055,
        0.43115914184035675,
        0.42177900807424024,
        0.4113213699875456,
        0.40112816564964526,
        0.3930126577615738,
        0.3805631624929833,
        0.36875144053589215,
        0.37095148206660244,
        0.3531163271629449,
        0.346829442589572,
        0.34818078329165775,
        0.3123772449114106,
        0.30179731954227795,
        0.2900287490902525,
        0.2900643371271365,
        0.2837856152292454,
        0.284335989392165,
        0.2775604564583663,
        0.27051370139374875,
        0.2645387290553613,
        0.26083251653295575
    ],
    "val_loss": [
        0.9930599610010783,
        0.980350402990977,
        0.9832712610562643,
        0.9893161257108053,
        1.058499546845754,
        0.971214210987091,
        1.029614226023356,
        0.9699988087018331,
        0.9672271649042765,
        0.9724846959114075,
        1.207185399532318,
        1.1701235930124918,
        35.01233024597168,
        0.8829330682754517,
        0.7499655564626058,
        1.4754216512044271,
        0.6704886833826701,
        1.2768487175305685,
        0.5334017892678579,
        1.3948721726735434,
        0.6685452699661255,
        0.5678363819917043,
        0.5323185582955678,
        0.5602412780125936,
        0.6075414816538492,
        0.322777646780014,
        0.38465776046117145,
        0.422508845726649,
        0.7165162523587545,
        0.45294209321339923,
        0.257482040921847,
        0.4219443460305532,
        0.22990186313788097,
        0.7418781439463298,
        0.38467843731244405,
        0.2850599378347397,
        1.5431732892990113,
        0.2256384700536728,
        0.5507123033205669,
        0.2245897799730301
    ],
    "train_metrics": [
        {
            "mse": 2.923274278640747,
            "mae": 0.9804138541221619,
            "r2": -1.923274278640747
        },
        {
            "mse": 1.0103607177734375,
            "mae": 0.8144657015800476,
            "r2": -0.0103607177734375
        },
        {
            "mse": 1.0048447847366333,
            "mae": 0.8158276677131653,
            "r2": -0.004844784736633301
        },
        {
            "mse": 1.0035545825958252,
            "mae": 0.8132932186126709,
            "r2": -0.0035545825958251953
        },
        {
            "mse": 1.004785418510437,
            "mae": 0.8131412863731384,
            "r2": -0.004785418510437012
        },
        {
            "mse": 1.0010238885879517,
            "mae": 0.8147565126419067,
            "r2": -0.0010238885879516602
        },
        {
            "mse": 0.9983647465705872,
            "mae": 0.8105291724205017,
            "r2": 0.0016352534294128418
        },
        {
            "mse": 0.9994869232177734,
            "mae": 0.8131734132766724,
            "r2": 0.0005130767822265625
        },
        {
            "mse": 0.9947102665901184,
            "mae": 0.810049295425415,
            "r2": 0.005289733409881592
        },
        {
            "mse": 0.9971633553504944,
            "mae": 0.8110261559486389,
            "r2": 0.0028366446495056152
        },
        {
            "mse": 0.9920140504837036,
            "mae": 0.8098449110984802,
            "r2": 0.007985949516296387
        },
        {
            "mse": 0.9917847514152527,
            "mae": 0.8064420819282532,
            "r2": 0.008215248584747314
        },
        {
            "mse": 0.957364022731781,
            "mae": 0.7940384149551392,
            "r2": 0.04263585805892944
        },
        {
            "mse": 0.8398887515068054,
            "mae": 0.7348376512527466,
            "r2": 0.16011124849319458
        },
        {
            "mse": 0.6600345969200134,
            "mae": 0.643913745880127,
            "r2": 0.3399653434753418
        },
        {
            "mse": 0.5626838207244873,
            "mae": 0.5925744771957397,
            "r2": 0.4373161792755127
        },
        {
            "mse": 0.4979785680770874,
            "mae": 0.5589872598648071,
            "r2": 0.5020214319229126
        },
        {
            "mse": 0.4692062437534332,
            "mae": 0.5360991358757019,
            "r2": 0.5307937860488892
        },
        {
            "mse": 0.44562724232673645,
            "mae": 0.5270464420318604,
            "r2": 0.5543727874755859
        },
        {
            "mse": 0.43111366033554077,
            "mae": 0.5167029500007629,
            "r2": 0.5688863396644592
        },
        {
            "mse": 0.4218052327632904,
            "mae": 0.5111455917358398,
            "r2": 0.5781947374343872
        },
        {
            "mse": 0.41108646988868713,
            "mae": 0.506009578704834,
            "r2": 0.5889134407043457
        },
        {
            "mse": 0.40046435594558716,
            "mae": 0.49720001220703125,
            "r2": 0.5995356440544128
        },
        {
            "mse": 0.3934134542942047,
            "mae": 0.49373912811279297,
            "r2": 0.6065865755081177
        },
        {
            "mse": 0.3808208703994751,
            "mae": 0.48294496536254883,
            "r2": 0.6191791296005249
        },
        {
            "mse": 0.3691351115703583,
            "mae": 0.4781734347343445,
            "r2": 0.6308648586273193
        },
        {
            "mse": 0.3709906339645386,
            "mae": 0.4754212498664856,
            "r2": 0.6290093660354614
        },
        {
            "mse": 0.3536057770252228,
            "mae": 0.46714475750923157,
            "r2": 0.6463942527770996
        },
        {
            "mse": 0.3470191955566406,
            "mae": 0.4625072479248047,
            "r2": 0.6529808044433594
        },
        {
            "mse": 0.34843307733535767,
            "mae": 0.464447021484375,
            "r2": 0.6515668630599976
        },
        {
            "mse": 0.3125018775463104,
            "mae": 0.4396319091320038,
            "r2": 0.6874980926513672
        },
        {
            "mse": 0.30153852701187134,
            "mae": 0.42856091260910034,
            "r2": 0.6984614729881287
        },
        {
            "mse": 0.28972747921943665,
            "mae": 0.42162835597991943,
            "r2": 0.7102725505828857
        },
        {
            "mse": 0.28995829820632935,
            "mae": 0.42260944843292236,
            "r2": 0.7100417017936707
        },
        {
            "mse": 0.2839900851249695,
            "mae": 0.4188975691795349,
            "r2": 0.7160099744796753
        },
        {
            "mse": 0.28424426913261414,
            "mae": 0.4191635847091675,
            "r2": 0.7157557010650635
        },
        {
            "mse": 0.2770225703716278,
            "mae": 0.4155657887458801,
            "r2": 0.7229773998260498
        },
        {
            "mse": 0.2706416845321655,
            "mae": 0.4080371558666229,
            "r2": 0.7293583154678345
        },
        {
            "mse": 0.26496776938438416,
            "mae": 0.4049898386001587,
            "r2": 0.7350322008132935
        },
        {
            "mse": 0.2607659697532654,
            "mae": 0.4001854658126831,
            "r2": 0.7392340302467346
        }
    ],
    "val_metrics": [
        {
            "mse": 0.9998874664306641,
            "mae": 0.837207019329071,