{
    "train_loss": [
        0.3261217856497476,
        0.18637518471840656,
        0.15821595952817888,
        0.1535167188355417,
        0.14350232041694902,
        0.1408286884878621,
        0.13275852381731523,
        0.14383122403964851,
        0.13416781400640806,
        0.12537208583318826,
        0.13079282878474754,
        0.12845878133719618,
        0.1224484969720696,
        0.12178477024038632,
        0.12933758555939703,
        0.11715360008405917,
        0.11641542918302795,
        0.11907441631862611,
        0.12019822272387418,
        0.10804551376989394,
        0.09768572754480621,
        0.09664901526588382,
        0.09244085317759802,
        0.09397464155247717,
        0.0966203124685721,
        0.08932987103859584,
        0.08589705785341335,
        0.08150242568191254,
        0.07850233826673392,
        0.07878569423249274,
        0.07960751929292173,
        0.08367214397047505,
        0.07274942303245718,
        0.07293920185078274,
        0.06734529115033872,
        0.06851939642519662,
        0.06576392822193378,
        0.06338095264227102,
        0.06282549074879198,
        0.061397132322643745
    ],
    "val_loss": [
        0.3715630481640498,
        0.3303837249676386,
        0.1938780556122462,
        0.2922478973865509,
        0.18840473492940266,
        0.36544153889020287,
        0.160052132109801,
        0.20078773895899454,
        0.1950652539730072,
        0.15314110964536667,
        0.30305102864901223,
        0.21382080713907878,
        0.15120346695184708,
        0.14150601476430893,
        0.13456924657026928,
        0.14698016891876856,
        0.15339414129654566,
        0.3014038145542145,
        0.5129024068514506,
        0.13236264536778133,
        0.10974327574173609,
        0.1294305404027303,
        0.1301809921860695,
        0.11095209022363027,
        0.24353103836377463,
        0.15443644126256306,
        0.1022114892800649,
        0.09641444981098175,
        0.098462542394797,
        0.09809872110684713,
        0.19745039443174997,
        0.09898990243673325,
        0.0994290679693222,
        0.09898982668916384,
        0.11079089840253194,
        0.10027758826812108,
        0.09487664451201756,
        0.09801866412162781,
        0.09415249228477478,
        0.09794503798087438
    ],
    "train_metrics": [
        {
            "mse": 0.3269428014755249,
            "mae": 0.43534567952156067,
            "r2": 0.6730571985244751
        },
        {
            "mse": 0.18662074208259583,
            "mae": 0.3405168354511261,
            "r2": 0.8133792877197266
        },
        {
            "mse": 0.15833702683448792,
            "mae": 0.31526485085487366,
            "r2": 0.8416630029678345
        },
        {
            "mse": 0.15357530117034912,
            "mae": 0.3074473440647125,
            "r2": 0.8464246988296509
        },
        {
            "mse": 0.1434703916311264,
            "mae": 0.30060648918151855,
            "r2": 0.8565295934677124
        },
        {
            "mse": 0.1404741406440735,
            "mae": 0.2953629195690155,
            "r2": 0.8595258593559265
        },
        {
            "mse": 0.13249638676643372,
            "mae": 0.2874826490879059,
            "r2": 0.8675036430358887
        },
        {
            "mse": 0.1434476673603058,
            "mae": 0.29698795080184937,
            "r2": 0.8565523624420166
        },
        {
            "mse": 0.13397014141082764,
            "mae": 0.28900280594825745,
            "r2": 0.8660298585891724
        },
        {
            "mse": 0.12555010616779327,
            "mae": 0.27885702252388,
            "r2": 0.8744499087333679
        },
        {
            "mse": 0.1306927502155304,
            "mae": 0.28339433670043945,
            "r2": 0.869307279586792
        },
        {
            "mse": 0.1286064088344574,
            "mae": 0.2829602062702179,
            "r2": 0.8713935613632202
        },
        {
            "mse": 0.12227123230695724,
            "mae": 0.27684104442596436,
            "r2": 0.8777287602424622
        },
        {
            "mse": 0.12158307433128357,
            "mae": 0.27539294958114624,
            "r2": 0.8784169554710388
        },
        {
            "mse": 0.12942065298557281,
            "mae": 0.28463834524154663,
            "r2": 0.8705793619155884
        },
        {
            "mse": 0.11681120842695236,
            "mae": 0.2696957588195801,
            "r2": 0.883188784122467
        },
        {
            "mse": 0.11623450368642807,
            "mae": 0.26992160081863403,
            "r2": 0.8837655186653137
        },
        {
            "mse": 0.11905185133218765,
            "mae": 0.2717100977897644,
            "r2": 0.8809481263160706
        },
        {
            "mse": 0.120356485247612,
            "mae": 0.2733747363090515,
            "r2": 0.8796434998512268
        },
        {
            "mse": 0.10795002430677414,
            "mae": 0.25961342453956604,
            "r2": 0.8920499682426453
        },
        {
            "mse": 0.09772276133298874,
            "mae": 0.24621589481830597,
            "r2": 0.9022772312164307
        },
        {
            "mse": 0.09654832631349564,
            "mae": 0.2458278089761734,
            "r2": 0.903451681137085
        },
        {
            "mse": 0.09255708754062653,
            "mae": 0.24012896418571472,
            "r2": 0.9074429273605347
        },
        {
            "mse": 0.09377755224704742,
            "mae": 0.2427482157945633,
            "r2": 0.9062224626541138
        },
        {
            "mse": 0.09658615291118622,
            "mae": 0.24762320518493652,
            "r2": 0.9034138321876526
        },
        {
            "mse": 0.08937416970729828,
            "mae": 0.2368767410516739,
            "r2": 0.9106258153915405
        },
        {
            "mse": 0.08585666120052338,
            "mae": 0.2322888970375061,
            "r2": 0.9141433238983154
        },
        {
            "mse": 0.08158042281866074,
            "mae": 0.22594903409481049,
            "r2": 0.918419599533081
        },
        {
            "mse": 0.07850077003240585,
            "mae": 0.22226546704769135,
            "r2": 0.9214992523193359
        },
        {
            "mse": 0.07877255231142044,
            "mae": 0.22226139903068542,
            "r2": 0.9212274551391602
        },
        {
            "mse": 0.07956020534038544,
            "mae": 0.22345301508903503,
            "r2": 0.9204397797584534
        },
        {
            "mse": 0.08368556946516037,
            "mae": 0.22774727642536163,
            "r2": 0.916314423084259
        },
        {
            "mse": 0.07268128544092178,
            "mae": 0.21271036565303802,
            "r2": 0.9273186922073364
        },
        {
            "mse": 0.07293707132339478,
            "mae": 0.21328772604465485,
            "r2": 0.9270629286766052
        },
        {
            "mse": 0.06737334281206131,
            "mae": 0.20568452775478363,
            "r2": 0.9326266646385193
        },
        {
            "mse": 0.06845037639141083,
            "mae": 0.20743095874786377,
            "r2": 0.931549608707428
        },
        {
            "mse": 0.06575850397348404,
            "mae": 0.2030547708272934,
            "r2": 0.9342414736747742
        },
        {
            "mse": 0.06331893801689148,
            "mae": 0.19860389828681946,
            "r2": 0.9366810321807861
        },
        {
            "mse": 0.06285097450017929,
            "mae": 0.19856961071491241,
            "r2": 0.9371490478515625
        },
        {
            "mse": 0.061411309987306595,
            "mae": 0.19587336480617523,
            "r2": 0.9385886788368225
        }
    ],
    "val_metrics": [
        {
            "mse": 0.3798436224460602,
            "mae": 0.5038431882858276,