{
    "train_loss": [
        1.9680568765510211,
        1.011833050034263,
        1.0018607621843165,
        0.9991265002525214,
        0.997074278015079,
        0.9968563896236997,
        0.9564881080930884,
        0.7944757297183528,
        0.6289985089591055,
        0.6010069449742635,
        0.5467749341870799,
        0.4919973873730862,
        0.4694168215448206,
        0.46369977882414154,
        0.4455184656562227,
        0.44668980665279157,
        0.42521660255663324,
        0.4095735586050785,
        0.40158829273599567,
        0.3900230703028766,
        0.3908262008970434,
        0.3633578230034221,
        0.36620419495033496,
        0.35743379367120337,
        0.3468151584719167,
        0.3443115461956371,
        0.3324870455897216,
        0.3309349422201966,
        0.3316883361249259,
        0.335748758279916,
        0.31897721710530197,
        0.3241823191444079,
        0.3213954795942162,
        0.32188327407295053,
        0.3098598291928118,
        0.31268279322169046,
        0.30838516580336023,
        0.2950278123219808,
        0.3025652705268426,
        0.29077899726954376
    ],
    "val_loss": [
        15618.3103515625,
        0.9807662884394328,
        0.9749267896016439,
        1.8826847950617471,
        1.225072964032491,
        0.9828259229660035,
        0.9449241638183594,
        617.1159138997396,
        1.4439797083536783,
        1.1968650023142497,
        115.96577351888021,
        1.4283048629760742,
        1.2532259146372478,
        1.504340394337972,
        3.8296413739522297,
        0.38063685099283856,
        0.4565908471743266,
        1.772503121693929,
        8.647750854492188,
        48.58374862670898,
        0.6303040027618408,
        3.432786210378011,
        0.8748811046282451,
        1.0987317045529683,
        0.3058899084726969,
        0.5030851781368255,
        0.7132443428039551,
        0.37303831974665325,
        0.4751794079939524,
        0.37401011983553567,
        0.4035481035709381,
        0.37879618207613625,
        0.29773374994595847,
        0.27047236959139503,
        0.288628422220548,
        0.8753259221712748,
        0.47616281112035114,
        0.6275572518507639,
        0.34244003891944885,
        0.291759729385376
    ],
    "train_metrics": [
        {
            "mse": 1.9725548028945923,
            "mae": 0.9373754858970642,
            "r2": -0.9725548028945923
        },
        {
            "mse": 1.0119842290878296,
            "mae": 0.8161780834197998,
            "r2": -0.01198422908782959
        },
        {
            "mse": 1.002008080482483,
            "mae": 0.8133963346481323,
            "r2": -0.002008199691772461
        },
        {
            "mse": 1.0003587007522583,
            "mae": 0.810977041721344,
            "r2": -0.00035858154296875
        },
        {
            "mse": 0.9962725639343262,
            "mae": 0.8073392510414124,
            "r2": 0.003727436065673828
        },
        {
            "mse": 0.9948862791061401,
            "mae": 0.8111335039138794,
            "r2": 0.0051136016845703125
        },
        {
            "mse": 0.9549071192741394,
            "mae": 0.7888272404670715,
            "r2": 0.045092880725860596
        },
        {
            "mse": 0.7951866388320923,
            "mae": 0.7080859541893005,
            "r2": 0.20481336116790771
        },
        {
            "mse": 0.629030704498291,
            "mae": 0.6247106194496155,
            "r2": 0.370969295501709
        },
        {
            "mse": 0.6011842489242554,
            "mae": 0.6105682253837585,
            "r2": 0.39881575107574463
        },
        {
            "mse": 0.5475115180015564,
            "mae": 0.5776354074478149,
            "r2": 0.4524884819984436
        },
        {
            "mse": 0.4928478002548218,
            "mae": 0.5494225025177002,
            "r2": 0.5071521401405334
        },
        {
            "mse": 0.47011011838912964,
            "mae": 0.538458526134491,
            "r2": 0.5298898816108704
        },
        {
            "mse": 0.4634213149547577,
            "mae": 0.5335885882377625,
            "r2": 0.5365786552429199
        },
        {
            "mse": 0.445063054561615,
            "mae": 0.5237710475921631,
            "r2": 0.554936945438385
        },
        {
            "mse": 0.4464346468448639,
            "mae": 0.5245230793952942,
            "r2": 0.5535653829574585
        },
        {
            "mse": 0.4251472055912018,
            "mae": 0.511076807975769,
            "r2": 0.5748528242111206
        },
        {
            "mse": 0.40934380888938904,
            "mae": 0.5036795139312744,
            "r2": 0.5906561613082886
        },
        {
            "mse": 0.4013420045375824,
            "mae": 0.49866345524787903,
            "r2": 0.5986579656600952
        },
        {
            "mse": 0.38962632417678833,
            "mae": 0.4932478964328766,
            "r2": 0.6103736758232117
        },
        {
            "mse": 0.39136821031570435,
            "mae": 0.4930574297904968,
            "r2": 0.6086317896842957
        },
        {
            "mse": 0.3617274761199951,
            "mae": 0.47222602367401123,
            "r2": 0.6382724642753601
        },
        {
            "mse": 0.3667597770690918,
            "mae": 0.4757845103740692,
            "r2": 0.6332402229309082
        },
        {
            "mse": 0.358049213886261,
            "mae": 0.47084030508995056,
            "r2": 0.641950786113739
        },
        {
            "mse": 0.34689709544181824,
            "mae": 0.46790120005607605,
            "r2": 0.6531028747558594
        },
        {
            "mse": 0.3442074954509735,
            "mae": 0.45960381627082825,
            "r2": 0.6557924747467041
        },
        {
            "mse": 0.33212706446647644,
            "mae": 0.45168179273605347,
            "r2": 0.6678729057312012
        },
        {
            "mse": 0.3308107554912567,
            "mae": 0.44931527972221375,
            "r2": 0.6691892147064209
        },
        {
            "mse": 0.33211708068847656,
            "mae": 0.4548664391040802,
            "r2": 0.6678829193115234
        },
        {
            "mse": 0.3356373906135559,
            "mae": 0.45562008023262024,
            "r2": 0.6643626093864441
        },
        {
            "mse": 0.3193770945072174,
            "mae": 0.44483205676078796,
            "r2": 0.680622935295105
        },
        {
            "mse": 0.3246188461780548,
            "mae": 0.44817617535591125,
            "r2": 0.6753811836242676
        },
        {
            "mse": 0.3214573562145233,
            "mae": 0.44547703862190247,
            "r2": 0.6785426139831543
        },
        {
            "mse": 0.322095662355423,
            "mae": 0.44875678420066833,
            "r2": 0.6779043674468994
        },
        {
            "mse": 0.30950573086738586,
            "mae": 0.4372289776802063,
            "r2": 0.6904942989349365
        },
        {
            "mse": 0.3122934103012085,
            "mae": 0.4404483735561371,
            "r2": 0.6877065896987915
        },
        {
            "mse": 0.3077838122844696,
            "mae": 0.43629226088523865,
            "r2": 0.692216157913208
        },
        {
            "mse": 0.2946944832801819,
            "mae": 0.4278411269187927,
            "r2": 0.7053055763244629
        },
        {
            "mse": 0.30228638648986816,
            "mae": 0.43444332480430603,
            "r2": 0.6977136135101318
        },
        {
            "mse": 0.2915090322494507,
            "mae": 0.42568203806877136,
            "r2": 0.7084909677505493
        }
    ],
    "val_metrics": [
        {
            "mse": 15715.4638671875,
            "mae": 123.85578918457031,
            "r2": -16017.357421875
        },
        {
            "mse": 0.9811074733734131,