{
    "train_loss": [
        1.424857230800571,
        1.0084979732831318,
        1.0133878751234575,
        1.0010306338469188,
        1.0028021389787847,
        1.00087114536401,
        0.9989312318238345,
        0.999153649265116,
        1.000220362887238,
        0.9999991465698589,
        0.9972745731021418,
        0.9864920468041392,
        0.8775193609974601,
        0.8405675725503401,
        0.8255079885323843,
        0.8193800061038046,
        0.8034609005306707,
        0.7971277616240762,
        0.7731987409519426,
        0.7741081994591337,
        0.7656022075450781,
        0.7429744438691572,
        0.6238577645836454,
        0.5383283735224695,
        0.48195500220313214,
        0.4447575365052079,
        0.4137639412374208,
        0.4181902589219989,
        0.3975002598581892,
        0.3889201572447112,
        0.3806278384996183,
        0.3845789802796913,
        0.3655299774625085,
        0.3540103616136493,
        0.3533093179717208,
        0.34308422289111395,
        0.34631859307939356,
        0.336301405321468,
        0.3385712093476093,
        0.3276334325924064
    ],
    "val_loss": [
        0.9801325798034668,
        0.9820951382319133,
        1.0604823708534241,
        0.9803037802378337,
        0.9802397569020589,
        0.9798967162768046,
        0.980249547958374,
        0.9807950576146444,
        0.9820753931999207,
        0.9819548010826111,
        0.9765946427981059,
        0.8961296995480855,
        0.8252505203088124,
        0.883521556854248,
        0.8387159824371337,
        1.0700761437416078,
        0.8704394658406576,
        0.7147122899691264,
        0.6982650359471639,
        0.8771554509798686,
        0.8207925438880921,
        3.0095791657765707,
        1.6174209117889404,
        1.6913789828618369,
        0.4871632933616638,
        0.7516637722651164,
        0.4387013336022695,
        1.8231608788172404,
        0.31986896991729735,
        0.5292341272036235,
        0.5586558063824971,
        0.5414769927660624,
        0.7173513372739156,
        0.451727690299352,
        0.2975698053836823,
        0.8831241448720296,
        0.7301252086957296,
        0.4343506097793579,
        0.355293736855189,
        0.27671551406383516
    ],
    "train_metrics": [
        {
            "mse": 1.427067518234253,
            "mae": 0.8947320580482483,
            "r2": -0.42706751823425293
        },
        {
            "mse": 1.0088717937469482,
            "mae": 0.817399263381958,
            "r2": -0.008871912956237793
        },
        {
            "mse": 1.0120404958724976,
            "mae": 0.8176748752593994,
            "r2": -0.012040495872497559
        },
        {
            "mse": 1.001839518547058,
            "mae": 0.8130272626876831,
            "r2": -0.0018395185470581055
        },
        {
            "mse": 1.0030053853988647,
            "mae": 0.8155875205993652,
            "r2": -0.003005385398864746
        },
        {
            "mse": 1.0006216764450073,
            "mae": 0.8117777109146118,
            "r2": -0.0006216764450073242
        },
        {
            "mse": 1.0004626512527466,
            "mae": 0.8126097321510315,
            "r2": -0.00046265125274658203
        },
        {
            "mse": 1.0004897117614746,
            "mae": 0.8137602806091309,
            "r2": -0.0004897117614746094
        },
        {
            "mse": 1.0012935400009155,
            "mae": 0.8150360584259033,
            "r2": -0.0012935400009155273
        },
        {
            "mse": 1.000929355621338,
            "mae": 0.8132418394088745,
            "r2": -0.0009293556213378906
        },
        {
            "mse": 0.9972448348999023,
            "mae": 0.8122717142105103,
            "r2": 0.0027550458908081055
        },
        {
            "mse": 0.9871200323104858,
            "mae": 0.8061771392822266,
            "r2": 0.01287996768951416
        },
        {
            "mse": 0.8786590099334717,
            "mae": 0.7501863837242126,
            "r2": 0.12134087085723877
        },
        {
            "mse": 0.8412854671478271,
            "mae": 0.7321339249610901,
            "r2": 0.15871447324752808
        },
        {
            "mse": 0.8248019814491272,
            "mae": 0.7240538001060486,
            "r2": 0.1751980185508728
        },
        {
            "mse": 0.8200864791870117,
            "mae": 0.7199549674987793,
            "r2": 0.17991352081298828
        },
        {
            "mse": 0.8045374155044556,
            "mae": 0.712369978427887,
            "r2": 0.19546258449554443
        },
        {
            "mse": 0.7972394227981567,
            "mae": 0.7114377617835999,
            "r2": 0.20276057720184326
        },
        {
            "mse": 0.7729646563529968,
            "mae": 0.6961133480072021,
            "r2": 0.22703540325164795
        },
        {
            "mse": 0.7731006145477295,
            "mae": 0.6967761516571045,
            "r2": 0.2268993854522705
        },
        {
            "mse": 0.7661083340644836,
            "mae": 0.6935313940048218,
            "r2": 0.23389166593551636
        },
        {
            "mse": 0.743529736995697,
            "mae": 0.6851421594619751,
            "r2": 0.256470263004303
        },
        {
            "mse": 0.6246983408927917,
            "mae": 0.6273759007453918,
            "r2": 0.37530165910720825
        },
        {
            "mse": 0.5386915802955627,
            "mae": 0.5768203139305115,
            "r2": 0.46130841970443726
        },
        {
            "mse": 0.4824589490890503,
            "mae": 0.5456273555755615,
            "r2": 0.5175410509109497
        },
        {
            "mse": 0.44544437527656555,
            "mae": 0.5250060558319092,
            "r2": 0.5545556545257568
        },
        {
            "mse": 0.41351673007011414,
            "mae": 0.5042765736579895,
            "r2": 0.5864832401275635
        },
        {
            "mse": 0.4171595275402069,
            "mae": 0.5072412490844727,
            "r2": 0.5828404426574707
        },
        {
            "mse": 0.39720600843429565,
            "mae": 0.49283409118652344,
            "r2": 0.6027939915657043
        },
        {
            "mse": 0.3896651268005371,
            "mae": 0.4878401756286621,
            "r2": 0.6103348731994629
        },
        {
            "mse": 0.3811613917350769,
            "mae": 0.48165538907051086,
            "r2": 0.6188385486602783
        },
        {
            "mse": 0.38400915265083313,
            "mae": 0.487481951713562,
            "r2": 0.6159908771514893
        },
        {
            "mse": 0.36583471298217773,
            "mae": 0.4715343713760376,
            "r2": 0.6341652870178223
        },
        {
            "mse": 0.35416939854621887,
            "mae": 0.46291401982307434,
            "r2": 0.6458306312561035
        },
        {
            "mse": 0.3530368208885193,
            "mae": 0.46174857020378113,
            "r2": 0.6469631195068359
        },
        {
            "mse": 0.34333887696266174,
            "mae": 0.4561833441257477,
            "r2": 0.6566611528396606
        },
        {
            "mse": 0.34551864862442017,
            "mae": 0.4581637978553772,
            "r2": 0.6544813513755798
        },
        {
            "mse": 0.3363632559776306,
            "mae": 0.4508134722709656,
            "r2": 0.6636367440223694
        },
        {
            "mse": 0.3382415473461151,
            "mae": 0.4556580185890198,
            "r2": 0.6617584824562073
        },
        {
            "mse": 0.3275834321975708,
            "mae": 0.4435085654258728,
            "r2": 0.6724165678024292
        }
    ],
    "val_metrics": [
        {
            "mse": 0.9824405312538147,
            "mae": 0.819261908531189,