{
    "train_loss": [
        0.31295987421816046,
        0.17884209063468556,
        0.15552679460608598,
        0.15254282104698094,
        0.14520770841927239,
        0.13728754944873578,
        0.1355504155384772,
        0.1336332191572045,
        0.11629562565323079,
        0.11569392906896996,
        0.1095797128298066,
        0.11285500691244096,
        0.10340822205850572,
        0.09516061334447427,
        0.08924150850736734,
        0.08864361070322269,
        0.09145076155210986,
        0.09128886382236626,
        0.08830215488419388,
        0.08521029866780296,
        0.0831043313850056,
        0.08234231049815814,
        0.07780246696237361,
        0.08128792391807745,
        0.07534594495188106,
        0.07341565925515059,
        0.07147506861524149,
        0.06615029642301978,
        0.06690372295226112,
        0.06565849657988909,
        0.0645419191004652,
        0.06184251691130074,
        0.061577403297026954,
        0.05880819413472305,
        0.060053984437024956,
        0.05933998361455672,
        0.058700217667854195,
        0.05672545200496009
    ],
    "val_loss": [
        0.26761637528737386,
        0.30008246302604674,
        0.19196278949578602,
        0.14872251749038695,
        0.20106528401374818,
        0.2608893911043803,
        0.2148295650879542,
        0.18478255867958068,
        0.10845762242873509,
        0.11065380424261093,
        0.15921885073184966,
        0.1175605575243632,
        0.1131841371456782,
        0.10166104336579641,
        0.10767030666271846,
        0.10055004209280013,
        0.18302890161673227,
        0.09928794006506601,
        0.10922805617252986,
        0.10360813041528066,
        0.10217221726973852,
        0.12385601301987965,
        0.09796590507030487,
        0.10773611962795257,
        0.11210621992746989,
        0.1003765140970548,
        0.1005969300866127,
        0.0925729289650917,
        0.10073206722736358,
        0.09621553122997284,
        0.09758184800545375,
        0.10606214056412379,
        0.09519541263580322,
        0.09427190274000168,
        0.09610710889101029,
        0.10201762368281682,
        0.09525045851866404,
        0.09355081170797348
    ],
    "train_metrics": [
        {
            "mse": 0.31326404213905334,
            "mae": 0.4330942630767822,
            "r2": 0.6867359280586243
        },
        {
            "mse": 0.17918209731578827,
            "mae": 0.33499228954315186,
            "r2": 0.8208178877830505
        },
        {
            "mse": 0.15581443905830383,
            "mae": 0.31302040815353394,
            "r2": 0.8441855907440186
        },
        {
            "mse": 0.1525246500968933,
            "mae": 0.3096288740634918,
            "r2": 0.8474753499031067
        },
        {
            "mse": 0.14522305130958557,
            "mae": 0.3007865846157074,
            "r2": 0.8547769784927368
        },
        {
            "mse": 0.1374617964029312,
            "mae": 0.2913934290409088,
            "r2": 0.86253821849823
        },
        {
            "mse": 0.13551108539104462,
            "mae": 0.2896801233291626,
            "r2": 0.8644888997077942
        },
        {
            "mse": 0.13364942371845245,
            "mae": 0.2893034517765045,
            "r2": 0.8663505911827087
        },
        {
            "mse": 0.11600533872842789,
            "mae": 0.26996347308158875,
            "r2": 0.8839946389198303
        },
        {
            "mse": 0.1154836043715477,
            "mae": 0.26837944984436035,
            "r2": 0.8845164179801941
        },
        {
            "mse": 0.10971885919570923,
            "mae": 0.26210787892341614,
            "r2": 0.8902811408042908
        },
        {
            "mse": 0.11299814283847809,
            "mae": 0.26531168818473816,
            "r2": 0.8870018720626831
        },
        {
            "mse": 0.10342147201299667,
            "mae": 0.2542078495025635,
            "r2": 0.8965785503387451
        },
        {
            "mse": 0.09509915858507156,
            "mae": 0.2444445639848709,
            "r2": 0.904900848865509
        },
        {
            "mse": 0.0892888531088829,
            "mae": 0.23801648616790771,
            "r2": 0.9107111692428589
        },
        {
            "mse": 0.08856182545423508,
            "mae": 0.23711343109607697,
            "r2": 0.9114381670951843
        },
        {
            "mse": 0.09127633273601532,
            "mae": 0.2389778345823288,
            "r2": 0.9087236523628235
        },
        {
            "mse": 0.09127873927354813,
            "mae": 0.23825033009052277,
            "r2": 0.9087212681770325
        },
        {
            "mse": 0.08839689195156097,
            "mae": 0.23398464918136597,
            "r2": 0.9116030931472778
        },
        {
            "mse": 0.08513453602790833,
            "mae": 0.23096638917922974,
            "r2": 0.9148654937744141
        },
        {
            "mse": 0.08320816606283188,
            "mae": 0.22821740806102753,
            "r2": 0.9167918562889099
        },
        {
            "mse": 0.08232834935188293,
            "mae": 0.22901614010334015,
            "r2": 0.9176716804504395
        },
        {
            "mse": 0.07769922912120819,
            "mae": 0.2202339619398117,
            "r2": 0.9223007559776306
        },
        {
            "mse": 0.08125215768814087,
            "mae": 0.22530794143676758,
            "r2": 0.9187478423118591
        },
        {
            "mse": 0.07534655928611755,
            "mae": 0.2169291079044342,
            "r2": 0.9246534109115601
        },
        {
            "mse": 0.07339228689670563,
            "mae": 0.21451008319854736,
            "r2": 0.9266077280044556
        },
        {
            "mse": 0.07142648100852966,
            "mae": 0.21158050000667572,
            "r2": 0.928573489189148
        },
        {
            "mse": 0.0661412850022316,
            "mae": 0.20370426774024963,
            "r2": 0.9338586926460266
        },
        {
            "mse": 0.06689969450235367,
            "mae": 0.20461466908454895,
            "r2": 0.9331002831459045
        },
        {
            "mse": 0.0657568871974945,
            "mae": 0.20126378536224365,
            "r2": 0.9342430830001831
        },
        {
            "mse": 0.06434908509254456,
            "mae": 0.20066751539707184,
            "r2": 0.9356508851051331
        },
        {
            "mse": 0.06182777136564255,
            "mae": 0.19676955044269562,
            "r2": 0.9381722211837769
        },
        {
            "mse": 0.06147376820445061,
            "mae": 0.1948964148759842,
            "r2": 0.9385262131690979
        },
        {
            "mse": 0.058822255581617355,
            "mae": 0.19216805696487427,
            "r2": 0.9411777257919312
        },
        {
            "mse": 0.06012212112545967,
            "mae": 0.19341684877872467,
            "r2": 0.9398778676986694
        },
        {
            "mse": 0.05935956537723541,
            "mae": 0.1930093765258789,
            "r2": 0.9406404495239258
        },
        {
            "mse": 0.05873933434486389,
            "mae": 0.19117994606494904,
            "r2": 0.9412606954574585
        },
        {
            "mse": 0.05677751824259758,
            "mae": 0.18893586099147797,
            "r2": 0.9432224631309509
        }
    ],
    "val_metrics": [
        {
            "mse": 0.26799526810646057,
            "mae": 0.4114989638328552,
            "r2": 0.7268394827842712
        },
        {
            "mse": 0.3032498359680176,
            "mae": 0.4516746699810028,
            "r2": 0.6909054517745972
        },
        {
            "mse": 0.19472388923168182,
            "mae": 0.35225701332092285,
            "r2": 0.8015230894088745
        },
        {
            "mse": 0.1495244801044464,