{
    "train_loss": [
        0.3206330494898738,
        0.17856674551060706,
        0.1573842503130436,
        0.14389304353883772,
        0.14063698200113844,
        0.13263404899925896,
        0.13625440949743445,
        0.13555785968448175,
        0.13170391908197693,
        0.12783996151252228,
        0.1158251106513269,
        0.10307005578369806,
        0.10437950672525348,
        0.10437466125145103,
        0.09965150001825708,
        0.09381648779592731,
        0.08897330984473228,
        0.08532463431809888,
        0.08187109576255987,
        0.08536241948604584,
        0.0836480933834206,
        0.0783841170822129,
        0.07405362870882858,
        0.07384305040944707,
        0.0703313746348475,
        0.06794820658185265,
        0.06777440914601991,
        0.06548433231584953,
        0.06516902103568568,
        0.0656477679696047,
        0.06598760407756675,
        0.06248754974115978,
        0.06097140942107548,
        0.061450696917194306,
        0.060265151275829834,
        0.0600145398780252,
        0.059338266594391884
    ],
    "val_loss": [
        0.18314474125703176,
        0.3400802880525589,
        0.34239958922068275,
        0.16773389478524525,
        0.3135088006655375,
        0.1290030946334203,
        0.27284702757994334,
        0.19105716248353322,
        0.22311380704243977,
        0.1672269384066264,
        0.11296054075161616,
        0.1254411349693934,
        0.15178874731063843,
        0.14352528701225917,
        0.11475930611292522,
        0.10644557053844134,
        0.09721188048521677,
        0.10013528764247895,
        0.11855940421422323,
        0.13180850793917973,
        0.10610918452342351,
        0.0982214406132698,
        0.1117199515302976,
        0.1030506541331609,
        0.10060430119434992,
        0.09736533065636953,
        0.09503799031178156,
        0.09628224223852158,
        0.09666915585597356,
        0.09761840452750524,
        0.1073123370607694,
        0.09682990113894145,
        0.09531828463077545,
        0.09645060251156488,
        0.09663112809260686,
        0.09615762631098429,
        0.09632329295078913
    ],
    "train_metrics": [
        {
            "mse": 0.32157427072525024,
            "mae": 0.43497419357299805,
            "r2": 0.678425669670105
        },
        {
            "mse": 0.17829693853855133,
            "mae": 0.3351978063583374,
            "r2": 0.8217030763626099
        },
        {
            "mse": 0.15715327858924866,
            "mae": 0.3134234547615051,
            "r2": 0.8428467512130737
        },
        {
            "mse": 0.14370431005954742,
            "mae": 0.30046436190605164,
            "r2": 0.8562957048416138
        },
        {
            "mse": 0.14090844988822937,
            "mae": 0.29613280296325684,
            "r2": 0.8590915203094482
        },
        {
            "mse": 0.13271093368530273,
            "mae": 0.2896982431411743,
            "r2": 0.8672890663146973
        },
        {
            "mse": 0.1361600011587143,
            "mae": 0.2906668484210968,
            "r2": 0.8638399839401245
        },
        {
            "mse": 0.13526411354541779,
            "mae": 0.2907189726829529,
            "r2": 0.8647359013557434
        },
        {
            "mse": 0.13181951642036438,
            "mae": 0.2858917713165283,
            "r2": 0.8681804537773132
        },
        {
            "mse": 0.12767229974269867,
            "mae": 0.2837907075881958,
            "r2": 0.8723276853561401
        },
        {
            "mse": 0.11588852107524872,
            "mae": 0.2694433927536011,
            "r2": 0.8841114640235901
        },
        {
            "mse": 0.10314817726612091,
            "mae": 0.2554298937320709,
            "r2": 0.8968518376350403
        },
        {
            "mse": 0.10454661399126053,
            "mae": 0.2560427486896515,
            "r2": 0.8954533934593201
        },
        {
            "mse": 0.10434208065271378,
            "mae": 0.2558092474937439,
            "r2": 0.8956578969955444
        },
        {
            "mse": 0.09970150142908096,
            "mae": 0.2499520629644394,
            "r2": 0.9002984762191772
        },
        {
            "mse": 0.09376983344554901,
            "mae": 0.24235466122627258,
            "r2": 0.9062301516532898
        },
        {
            "mse": 0.08891891688108444,
            "mae": 0.23604783415794373,
            "r2": 0.911081075668335
        },
        {
            "mse": 0.0852213129401207,
            "mae": 0.23145879805088043,
            "r2": 0.9147787094116211
        },
        {
            "mse": 0.08194524794816971,
            "mae": 0.22793802618980408,
            "r2": 0.9180547595024109
        },
        {
            "mse": 0.0850338488817215,
            "mae": 0.23108471930027008,
            "r2": 0.9149661660194397
        },
        {
            "mse": 0.08367020636796951,
            "mae": 0.22943466901779175,
            "r2": 0.9163298010826111
        },
        {
            "mse": 0.07847926020622253,
            "mae": 0.22113928198814392,
            "r2": 0.9215207099914551
        },
        {
            "mse": 0.07383015006780624,
            "mae": 0.2138897180557251,
            "r2": 0.9261698722839355
        },
        {
            "mse": 0.07387538254261017,
            "mae": 0.2144390493631363,
            "r2": 0.926124632358551
        },
        {
            "mse": 0.0701848715543747,
            "mae": 0.21042250096797943,
            "r2": 0.9298151135444641
        },
        {
            "mse": 0.06799528002738953,
            "mae": 0.20593659579753876,
            "r2": 0.9320046901702881
        },
        {
            "mse": 0.06783494353294373,
            "mae": 0.2056436687707901,
            "r2": 0.9321650266647339
        },
        {
            "mse": 0.06542734801769257,
            "mae": 0.20202670991420746,
            "r2": 0.9345726370811462
        },
        {
            "mse": 0.06514618545770645,
            "mae": 0.20325028896331787,
            "r2": 0.9348537921905518
        },
        {
            "mse": 0.06563033908605576,
            "mae": 0.2035347819328308,
            "r2": 0.934369683265686
        },
        {
            "mse": 0.06597595661878586,
            "mae": 0.2032216340303421,
            "r2": 0.9340240359306335
        },
        {
            "mse": 0.06248532980680466,
            "mae": 0.1983264535665512,
            "r2": 0.9375146627426147
        },
        {
            "mse": 0.06095919758081436,
            "mae": 0.19607482850551605,
            "r2": 0.9390407800674438
        },
        {
            "mse": 0.06130276992917061,
            "mae": 0.19549718499183655,
            "r2": 0.9386972188949585
        },
        {
            "mse": 0.06026734411716461,
            "mae": 0.19422832131385803,
            "r2": 0.9397326707839966
        },
        {
            "mse": 0.060078106820583344,
            "mae": 0.19513224065303802,
            "r2": 0.9399219155311584
        },
        {
            "mse": 0.05934225022792816,
            "mae": 0.1933903992176056,
            "r2": 0.9406577348709106
        }
    ],
    "val_metrics": [
        {
            "mse": 0.18680253624916077,
            "mae": 0.33626818656921387,
            "r2": 0.8095971345901489
        },
        {
            "mse": 0.3468477129936218,
            "mae": 0.4915817677974701,
            "r2": 0.6464672684669495
        },
        {
            "mse": 0.3443499803543091,
            "mae": 0.4899820387363434,
            "r2": 0.6490131616592407
        },
        {
            "mse": 0.16844478249549866,
            "mae": 0.3166244626045227,
            "r2": 0.8283087015151978
        },
        {
            "mse": 0.31684038043022156,
            "mae": 0.46121546626091003,