{
    "train_loss": [
        0.3259948986497792,
        0.17164217454917502,
        0.153577048895937,
        0.16127806518113974,
        0.1467698636380109,
        0.14542201375870994,
        0.13856574960730292,
        0.1280720310680794,
        0.14040955607638214,
        0.13543381022684503,
        0.1284881027584726,
        0.11767282506281679,
        0.10837072912942279,
        0.10492861936941292,
        0.10168371372150653,
        0.10090737891468135,
        0.10257842007911566,
        0.10112588570425005,
        0.09160854791601498,
        0.09157941671031894,
        0.0845546932947455,
        0.0875160452542883,
        0.08513436889783903,
        0.08453025793035825,
        0.08368140667902702,
        0.07925766576645953,
        0.08267056264660576,
        0.08161300178052801,
        0.08345315763444612,
        0.08126838973751574,
        0.07486438316603501,
        0.07278741235760125,
        0.06966910556410298,
        0.06643520143221725,
        0.07046220914432497,
        0.06190390066441261,
        0.06142433128799453,
        0.06151005473326553,
        0.05963593540769635,
        0.06090055626224388
    ],
    "val_loss": [
        0.328566845258077,
        0.3110061526298523,
        0.22034465670585632,
        0.23560853203137716,
        0.18518267373243968,
        0.2569449047247569,
        0.14390706072251003,
        0.14538945704698564,
        0.20676257014274596,
        0.20704224407672883,
        0.2242278754711151,
        0.1116813247402509,
        0.10980694442987442,
        0.10609881728887557,
        0.13237964262564977,
        0.13841975231965384,
        0.10939988692601522,
        0.13532200306653977,
        0.12162712713082631,
        0.10912785977125168,
        0.1006822685400645,
        0.12180938770373663,
        0.11972711235284805,
        0.09894761790831884,
        0.10187124907970428,
        0.10351323286692302,
        0.09843617131312689,
        0.14021045863628387,
        0.11476832528909048,
        0.12019938925902049,
        0.10839690814415613,
        0.10841983556747437,
        0.10205624848604203,
        0.09886654218037923,
        0.10391238331794739,
        0.09717460845907529,
        0.09642496506373087,
        0.0960365946094195,
        0.09537195960680643,
        0.10379333943128585
    ],
    "train_metrics": [
        {
            "mse": 0.32675039768218994,
            "mae": 0.4392460286617279,
            "r2": 0.6732496023178101
        },
        {
            "mse": 0.17161385715007782,
            "mae": 0.3280826508998871,
            "r2": 0.828386127948761
        },
        {
            "mse": 0.15319432318210602,
            "mae": 0.30881842970848083,
            "r2": 0.8468056917190552
        },
        {
            "mse": 0.1609489470720291,
            "mae": 0.3166162967681885,
            "r2": 0.8390510678291321
        },
        {
            "mse": 0.14690686762332916,
            "mae": 0.30189329385757446,
            "r2": 0.853093147277832
        },
        {
            "mse": 0.14548508822917938,
            "mae": 0.29842838644981384,
            "r2": 0.8545148968696594
        },
        {
            "mse": 0.13882480561733246,
            "mae": 0.2930445969104767,
            "r2": 0.8611751794815063
        },
        {
            "mse": 0.12794086337089539,
            "mae": 0.28210827708244324,
            "r2": 0.8720591068267822
        },
        {
            "mse": 0.1405329406261444,
            "mae": 0.2956494987010956,
            "r2": 0.8594670295715332
        },
        {
            "mse": 0.13569000363349915,
            "mae": 0.2907130718231201,
            "r2": 0.8643100261688232
        },
        {
            "mse": 0.12816433608531952,
            "mae": 0.28237220644950867,
            "r2": 0.8718356490135193
        },
        {
            "mse": 0.11786086857318878,
            "mae": 0.27121925354003906,
            "r2": 0.8821390867233276
        },
        {
            "mse": 0.10842382162809372,
            "mae": 0.2610458433628082,
            "r2": 0.8915761709213257
        },
        {
            "mse": 0.10494896024465561,
            "mae": 0.25675466656684875,
            "r2": 0.8950510621070862
        },
        {
            "mse": 0.10170506685972214,
            "mae": 0.25296550989151,
            "r2": 0.8982949256896973
        },
        {
            "mse": 0.10070684552192688,
            "mae": 0.24975717067718506,
            "r2": 0.8992931842803955
        },
        {
            "mse": 0.10261819511651993,
            "mae": 0.25293418765068054,
            "r2": 0.8973817825317383
        },
        {
            "mse": 0.1012524887919426,
            "mae": 0.25189825892448425,
            "r2": 0.8987475037574768
        },
        {
            "mse": 0.09169857949018478,
            "mae": 0.24030424654483795,
            "r2": 0.9083014130592346
        },
        {
            "mse": 0.0916133001446724,
            "mae": 0.23930174112319946,
            "r2": 0.9083867073059082
        },
        {
            "mse": 0.08459737151861191,
            "mae": 0.22982104122638702,
            "r2": 0.9154026508331299
        },
        {
            "mse": 0.08753767609596252,
            "mae": 0.23369170725345612,
            "r2": 0.9124623537063599
        },
        {
            "mse": 0.08524074405431747,
            "mae": 0.23007048666477203,
            "r2": 0.9147592782974243
        },
        {
            "mse": 0.0846041738986969,
            "mae": 0.2304435819387436,
            "r2": 0.9153958559036255
        },
        {
            "mse": 0.08384077996015549,
            "mae": 0.22854627668857574,
            "r2": 0.9161592125892639
        },
        {
            "mse": 0.07915928214788437,
            "mae": 0.22334863245487213,
            "r2": 0.9208407402038574
        },
        {
            "mse": 0.0827377587556839,
            "mae": 0.22884179651737213,
            "r2": 0.9172622561454773
        },
        {
            "mse": 0.08154364675283432,
            "mae": 0.22562813758850098,
            "r2": 0.9184563159942627
        },
        {
            "mse": 0.08343459665775299,
            "mae": 0.22866035997867584,
            "r2": 0.9165654182434082
        },
        {
            "mse": 0.08121999353170395,
            "mae": 0.22466008365154266,
            "r2": 0.9187799692153931
        },
        {
            "mse": 0.07491197437047958,
            "mae": 0.21736913919448853,
            "r2": 0.9250880479812622
        },
        {
            "mse": 0.0729026049375534,
            "mae": 0.21374860405921936,
            "r2": 0.9270973801612854
        },
        {
            "mse": 0.06960512697696686,
            "mae": 0.209108367562294,
            "r2": 0.9303948879241943
        },
        {
            "mse": 0.06649424135684967,
            "mae": 0.20482555031776428,
            "r2": 0.9335057735443115
        },
        {
            "mse": 0.07036100327968597,
            "mae": 0.2105894535779953,
            "r2": 0.9296389818191528
        },
        {
            "mse": 0.06190392002463341,
            "mae": 0.1962454468011856,
            "r2": 0.9380961060523987
        },
        {
            "mse": 0.061358362436294556,
            "mae": 0.19550000131130219,
            "r2": 0.9386416673660278
        },
        {
            "mse": 0.06160803884267807,
            "mae": 0.19660869240760803,
            "r2": 0.9383919835090637
        },
        {
            "mse": 0.059681281447410583,
            "mae": 0.19430355727672577,
            "r2": 0.9403187036514282
        },
        {
            "mse": 0.0609312504529953,
            "mae": 0.1958320289850235,
            "r2": 0.9390687346458435
        }
    ],
    "val_metrics": [
        {
            "mse": 0.33219805359840393,
            "mae": 0.4807412922382355,