{
    "train_loss": [
        2.632809840368502,
        1.0008157392342885,
        0.9568166714726072,
        0.8781339408773364,
        0.7335309250788256,
        0.6693552583456039,
        0.5975920043208383,
        0.512155635338841,
        0.492599782167059,
        0.4741773068001776,
        0.4692796924800584,
        0.4290954867998759,
        0.4178069437092001,
        0.4134885293967796,
        0.3864285869128776,
        0.36438406145933905,
        0.34231156584891403,
        0.3336793870636911,
        0.32861699841239234,
        0.31691874518538965,
        0.31362425242409564,
        0.3011018367427768,
        0.30255236476659775,
        0.3044141883199865,
        0.2879922315478325,
        0.27326076884161343,
        0.2813410223885016,
        0.2740179377071785,
        0.26722282645377243,
        0.2760314103780371,
        0.2730416479435834,
        0.26889464981628186,
        0.26195336494481924,
        0.26059999633016007,
        0.2614623646844517,
        0.259838047126929,
        0.2532093673944473,
        0.25040077169736225,
        0.2511902437968688,
        0.25454002370436984
    ],
    "val_loss": [
        90.68221028645833,
        1.0484603325525919,
        0.9897368311882019,
        1.2419434467951456,
        1.1846738537152608,
        1.245979384581248,
        1.1728018641471862,
        1.252497943242391,
        1.3467610518137614,
        1.6249170223871867,
        1.7479862570762634,
        0.7727787017822265,
        1.6835928757985432,
        1.5972057898839316,
        1.0264274756113687,
        1.1376919468243918,
        1.1558166146278381,
        0.33377320965131124,
        1.0117010553677876,
        0.26141661355892815,
        0.43184770544370016,
        0.4247431476910909,
        1.2514978488286337,
        4.591181373596191,
        0.6149365146954854,
        0.684874709447225,
        0.24414660036563873,
        0.48014712929725645,
        0.39896958669026694,
        0.3543583035469055,
        0.2712008684873581,
        0.27520923912525175,
        0.21368150214354198,
        0.42790066997210185,
        0.28391239841779076,
        0.40575146675109863,
        0.2870140165090561,
        0.22426669895648957,
        0.5232159892717997,
        0.22768230338891346
    ],
    "train_metrics": [
        {
            "mse": 2.6422054767608643,
            "mae": 0.9512910842895508,
            "r2": -1.6422057151794434
        },
        {
            "mse": 1.0009620189666748,
            "mae": 0.7976919412612915,
            "r2": -0.0009620189666748047
        },
        {
            "mse": 0.9579874873161316,
            "mae": 0.7842971086502075,
            "r2": 0.04201251268386841
        },
        {
            "mse": 0.8765146136283875,
            "mae": 0.7417957782745361,
            "r2": 0.12348538637161255
        },
        {
            "mse": 0.734348475933075,
            "mae": 0.673037588596344,
            "r2": 0.2656514048576355
        },
        {
            "mse": 0.6694157719612122,
            "mae": 0.6410039067268372,
            "r2": 0.33058422803878784
        },
        {
            "mse": 0.5987592339515686,
            "mae": 0.6063192486763,
            "r2": 0.40124064683914185
        },
        {
            "mse": 0.5106924176216125,
            "mae": 0.5592105388641357,
            "r2": 0.48930758237838745
        },
        {
            "mse": 0.4927883446216583,
            "mae": 0.5488731861114502,
            "r2": 0.5072116851806641
        },
        {
            "mse": 0.4735791087150574,
            "mae": 0.5393603444099426,
            "r2": 0.5264208912849426
        },
        {
            "mse": 0.4688759446144104,
            "mae": 0.5375896692276001,
            "r2": 0.5311239957809448
        },
        {
            "mse": 0.42998719215393066,
            "mae": 0.5146114826202393,
            "r2": 0.5700128078460693
        },
        {
            "mse": 0.418067067861557,
            "mae": 0.506854772567749,
            "r2": 0.5819329023361206
        },
        {
            "mse": 0.41343846917152405,
            "mae": 0.5032438635826111,
            "r2": 0.5865615606307983
        },
        {
            "mse": 0.3868946135044098,
            "mae": 0.4891858994960785,
            "r2": 0.6131054162979126
        },
        {
            "mse": 0.36472663283348083,
            "mae": 0.4734554886817932,
            "r2": 0.6352733373641968
        },
        {
            "mse": 0.3423835039138794,
            "mae": 0.4577278792858124,
            "r2": 0.6576164960861206
        },
        {
            "mse": 0.3340785503387451,
            "mae": 0.45374664664268494,
            "r2": 0.6659214496612549
        },
        {
            "mse": 0.32844895124435425,
            "mae": 0.45161062479019165,
            "r2": 0.6715510487556458
        },
        {
            "mse": 0.3164890706539154,
            "mae": 0.4445212185382843,
            "r2": 0.6835108995437622
        },
        {
            "mse": 0.3137158155441284,
            "mae": 0.44301366806030273,
            "r2": 0.6862841844558716
        },
        {
            "mse": 0.3013404309749603,
            "mae": 0.4344591796398163,
            "r2": 0.6986595392227173
        },
        {
            "mse": 0.3030183017253876,
            "mae": 0.43574026226997375,
            "r2": 0.69698166847229
        },
        {
            "mse": 0.3046245872974396,
            "mae": 0.43757954239845276,
            "r2": 0.6953754425048828
        },
        {
            "mse": 0.2876070737838745,
            "mae": 0.42412883043289185,
            "r2": 0.7123929262161255
        },
        {
            "mse": 0.2730976641178131,
            "mae": 0.41233929991722107,
            "r2": 0.7269023656845093
        },
        {
            "mse": 0.28116899728775024,
            "mae": 0.41783931851387024,
            "r2": 0.718830943107605
        },
        {
            "mse": 0.27440422773361206,
            "mae": 0.4145180583000183,
            "r2": 0.7255957722663879
        },
        {
            "mse": 0.266643226146698,
            "mae": 0.4101720154285431,
            "r2": 0.733356773853302
        },
        {
            "mse": 0.27565550804138184,
            "mae": 0.41349735856056213,
            "r2": 0.7243444919586182
        },
        {
            "mse": 0.27279484272003174,
            "mae": 0.41428080201148987,
            "r2": 0.7272051572799683
        },
        {
            "mse": 0.2688397765159607,
            "mae": 0.40810638666152954,
            "r2": 0.7311602234840393
        },
        {
            "mse": 0.26130571961402893,
            "mae": 0.4058178961277008,
            "r2": 0.7386943101882935
        },
        {
            "mse": 0.26043739914894104,
            "mae": 0.40323880314826965,
            "r2": 0.7395626306533813
        },
        {
            "mse": 0.2618110179901123,
            "mae": 0.40440815687179565,
            "r2": 0.7381889820098877
        },
        {
            "mse": 0.2604033052921295,
            "mae": 0.40319451689720154,
            "r2": 0.7395967245101929
        },
        {
            "mse": 0.2530718445777893,
            "mae": 0.3997468948364258,
            "r2": 0.7469281554222107
        },
        {
            "mse": 0.25047051906585693,
            "mae": 0.39510390162467957,
            "r2": 0.7495294809341431
        },
        {
            "mse": 0.2514253556728363,
            "mae": 0.39885711669921875,
            "r2": 0.7485746145248413
        },
        {
            "mse": 0.25437816977500916,
            "mae": 0.4002036154270172,
            "r2": 0.7456218004226685
        }
    ],
    "val_metrics": [
        {
            "mse": 90.60218048095703,
            "mae": 8.929917335510254,