{
    "train_loss": [
        0.32311355661262164,
        0.17881540434830118,
        0.15396278103192648,
        0.14346179806373335,
        0.13610566147800648,
        0.13999657795736284,
        0.13241580241557324,
        0.13267791011568272,
        0.13051172684539447,
        0.12516273084011945,
        0.12235875935717062,
        0.12528761115038034,
        0.12353340908885002,
        0.12401048331098123,
        0.12362322741837213,
        0.1049198079289812,
        0.10060766779563644,
        0.09735222008417953,
        0.09408876751408432,
        0.09569160792637955,
        0.09367149176471161,
        0.0997438533513835,
        0.09276662620179581,
        0.09041001263893012,
        0.08464242100264087,
        0.08083513745981635,
        0.08141637412887631,
        0.0782330750741742,
        0.08072433598113782,
        0.07533912738841592,
        0.07231147773563862,
        0.0687764236195521,
        0.06881998846250953,
        0.07077057445139597,
        0.06730029370748636,
        0.06696565505681616,
        0.06673133243439776,
        0.06598921125811158,
        0.06117599361547918,
        0.06241679733449763
    ],
    "val_loss": [
        0.31084143221378324,
        0.31092373927434286,
        0.5871265987555186,
        0.23558510839939117,
        0.20855446457862853,
        0.1545138011376063,
        0.19907951851685843,
        0.4451994856198629,
        0.1455546389023463,
        0.24464057286580404,
        0.13859227349360784,
        0.14482000370820364,
        0.18991556366284687,
        0.16752621233463288,
        0.28334442575772606,
        0.15767273704210918,
        0.21531198918819427,
        0.12044003705183665,
        0.17796353002389273,
        0.10827442308266957,
        0.11984922140836715,
        0.15327142377694447,
        0.19678784807523092,
        0.12490087002515793,
        0.10636141349871954,
        0.09791866838932037,
        0.10253947079181672,
        0.10079959581295649,
        0.11187619666258494,
        0.11139220197995504,
        0.0977038989464442,
        0.09984536965688069,
        0.10277979274590811,
        0.0943378115693728,
        0.103996475537618,
        0.10098794102668762,
        0.1083833600083987,
        0.09827394038438797,
        0.10345694571733474,
        0.09953708201646805
    ],
    "train_metrics": [
        {
            "mse": 0.3239559829235077,
            "mae": 0.43521755933761597,
            "r2": 0.6760439872741699
        },
        {
            "mse": 0.17923881113529205,
            "mae": 0.3359014391899109,
            "r2": 0.8207612037658691
        },
        {
            "mse": 0.15399591624736786,
            "mae": 0.31063464283943176,
            "r2": 0.846004068851471
        },
        {
            "mse": 0.1435520350933075,
            "mae": 0.299992173910141,
            "r2": 0.8564479351043701
        },
        {
            "mse": 0.13592614233493805,
            "mae": 0.29197123646736145,
            "r2": 0.8640738725662231
        },
        {
            "mse": 0.13990768790245056,
            "mae": 0.29502052068710327,
            "r2": 0.860092282295227
        },
        {
            "mse": 0.1323397308588028,
            "mae": 0.28853338956832886,
            "r2": 0.8676602840423584
        },
        {
            "mse": 0.13272686302661896,
            "mae": 0.28955918550491333,
            "r2": 0.8672731518745422
        },
        {
            "mse": 0.130253404378891,
            "mae": 0.2864721119403839,
            "r2": 0.8697465658187866
        },
        {
            "mse": 0.12505781650543213,
            "mae": 0.27923884987831116,
            "r2": 0.8749421834945679
        },
        {
            "mse": 0.12251560389995575,
            "mae": 0.27734240889549255,
            "r2": 0.8774843811988831
        },
        {
            "mse": 0.1253163367509842,
            "mae": 0.27780574560165405,
            "r2": 0.874683678150177
        },
        {
            "mse": 0.12366418540477753,
            "mae": 0.27895382046699524,
            "r2": 0.8763357996940613
        },
        {
            "mse": 0.1239498108625412,
            "mae": 0.2780090868473053,
            "r2": 0.8760501742362976
        },
        {
            "mse": 0.12372121959924698,
            "mae": 0.2787669897079468,
            "r2": 0.8762787580490112
        },
        {
            "mse": 0.10479722917079926,
            "mae": 0.2571548819541931,
            "r2": 0.8952027559280396
        },
        {
            "mse": 0.1007806807756424,
            "mae": 0.25087136030197144,
            "r2": 0.8992193341255188
        },
        {
            "mse": 0.09751944988965988,
            "mae": 0.24808524549007416,
            "r2": 0.9024805426597595
        },
        {
            "mse": 0.09422741085290909,
            "mae": 0.24281126260757446,
            "r2": 0.9057725667953491
        },
        {
            "mse": 0.0956227034330368,
            "mae": 0.24474374949932098,
            "r2": 0.904377281665802
        },
        {
            "mse": 0.0937785804271698,
            "mae": 0.24387291073799133,
            "r2": 0.9062213897705078
        },
        {
            "mse": 0.09977410733699799,
            "mae": 0.2503338158130646,
            "r2": 0.9002258777618408
        },
        {
            "mse": 0.0927649661898613,
            "mae": 0.24040070176124573,
            "r2": 0.9072350263595581
        },
        {
            "mse": 0.09046463668346405,
            "mae": 0.23782971501350403,
            "r2": 0.9095353484153748
        },
        {
            "mse": 0.08464696258306503,
            "mae": 0.23024389147758484,
            "r2": 0.9153530597686768
        },
        {
            "mse": 0.08091702312231064,
            "mae": 0.22457274794578552,
            "r2": 0.9190829992294312
        },
        {
            "mse": 0.08132288604974747,
            "mae": 0.22575654089450836,
            "r2": 0.9186770915985107
        },
        {
            "mse": 0.07814083248376846,
            "mae": 0.22043195366859436,
            "r2": 0.9218591451644897
        },
        {
            "mse": 0.08067144453525543,
            "mae": 0.2256723940372467,
            "r2": 0.9193285703659058
        },
        {
            "mse": 0.07536433637142181,
            "mae": 0.21871218085289001,
            "r2": 0.924635648727417
        },
        {
            "mse": 0.07227366417646408,
            "mae": 0.21309812366962433,
            "r2": 0.9277263283729553
        },
        {
            "mse": 0.06880924105644226,
            "mae": 0.20813913643360138,
            "r2": 0.9311907291412354
        },
        {
            "mse": 0.06883285939693451,
            "mae": 0.20677655935287476,
            "r2": 0.9311671257019043
        },
        {
            "mse": 0.07081200182437897,
            "mae": 0.20973347127437592,
            "r2": 0.9291880130767822
        },
        {
            "mse": 0.06728576123714447,
            "mae": 0.2048957347869873,
            "r2": 0.9327142238616943
        },
        {
            "mse": 0.06704272329807281,
            "mae": 0.20479489862918854,
            "r2": 0.9329572916030884
        },
        {
            "mse": 0.06680537760257721,
            "mae": 0.20479841530323029,
            "r2": 0.933194637298584
        },
        {
            "mse": 0.06578246504068375,
            "mae": 0.20265726745128632,
            "r2": 0.9342175722122192
        },
        {
            "mse": 0.06114325299859047,
            "mae": 0.1946481317281723,
            "r2": 0.9388567209243774
        },
        {
            "mse": 0.062363650649785995,
            "mae": 0.1970030665397644,
            "r2": 0.9376363754272461
        }
    ],
    "val_metrics": [
        {
            "mse": 0.31941354274749756,
            "mae": 0.4671144485473633,