{
    "train_loss": [
        1.5069693245671012,
        1.0082225826653568,
        1.0021739520809867,
        1.008079614603158,
        1.0050443275408312,
        0.9984162892356063,
        0.9973189794656002,
        0.9976449030818362,
        0.9980008620204348,
        0.9955049906716202,
        0.8468378068822803,
        0.6519127361702196,
        0.5704566578973423,
        0.5145480659875002,
        0.482711933778994,
        0.47584195976907556,
        0.4671018353917382,
        0.43666502743056324,
        0.41454607383771375,
        0.4005370221354745,
        0.39373127032410016,
        0.38283874704079196,
        0.37520395399946155,
        0.3546809766328696,
        0.34609703493840765,
        0.33782945799105096,
        0.3286785679784688,
        0.33050561018965463,
        0.3251076896082271,
        0.3133439401333982,
        0.31507477164268494,
        0.301097393487439,
        0.2939885665069927,
        0.28734496303580026,
        0.27997145079302066,
        0.26994660812796967,
        0.2779386576377984,
        0.27735136968619895,
        0.2739086063070731,
        0.26685758251132385
    ],
    "val_loss": [
        0.9813227891921997,
        0.9802121996879578,
        0.982090691725413,
        0.9802321592966715,
        0.9819933454195658,
        0.9755280534426372,
        0.9834802826245626,
        0.9828852454821269,
        0.9820776144663493,
        1.0505860606829325,
        66.97602081298828,
        18.777719688415527,
        1.0409246881802876,
        0.8315022468566895,
        90.80306803385416,
        2.382749597231547,
        1.691466760635376,
        2.0658092657725016,
        0.36521328091621397,
        0.4153284708658854,
        1.3976959149042765,
        0.7563255349795024,
        1.960557460784912,
        0.6638473590215047,
        0.9351192553838094,
        1.0098203420639038,
        0.32867335677146914,
        0.3705471992492676,
        0.29368757605552676,
        1.5317617098490397,
        0.44612398942311604,
        1.534428056081136,
        1.1116899728775025,
        0.5484234114487966,
        1.1289631128311157,
        0.2921236515045166,
        0.27210760315259297,
        0.6801780064900717,
        1.114314067363739,
        1.559798773129781
    ],
    "train_metrics": [
        {
            "mse": 1.5106838941574097,
            "mae": 0.9036144614219666,
            "r2": -0.5106838941574097
        },
        {
            "mse": 1.0090162754058838,
            "mae": 0.8162333965301514,
            "r2": -0.009016275405883789
        },
        {
            "mse": 1.0022015571594238,
            "mae": 0.8140903115272522,
            "r2": -0.002201676368713379
        },
        {
            "mse": 1.0070672035217285,
            "mae": 0.8151260018348694,
            "r2": -0.007067203521728516
        },
        {
            "mse": 1.0049999952316284,
            "mae": 0.8153663873672485,
            "r2": -0.004999995231628418
        },
        {
            "mse": 1.0007387399673462,
            "mae": 0.8111558556556702,
            "r2": -0.0007387399673461914
        },
        {
            "mse": 0.9967421889305115,
            "mae": 0.8099323511123657,
            "r2": 0.0032578110694885254
        },
        {
            "mse": 0.9968920946121216,
            "mae": 0.8119130730628967,
            "r2": 0.003107905387878418
        },
        {
            "mse": 0.9976281523704529,
            "mae": 0.8120086789131165,
            "r2": 0.002371847629547119
        },
        {
            "mse": 0.9962474703788757,
            "mae": 0.8036271333694458,
            "r2": 0.0037525296211242676
        },
        {
            "mse": 0.8463332056999207,
            "mae": 0.7338789105415344,
            "r2": 0.15366679430007935
        },
        {
            "mse": 0.6525935530662537,
            "mae": 0.63658607006073,
            "r2": 0.34740638732910156
        },
        {
            "mse": 0.5712971091270447,
            "mae": 0.5963976383209229,
            "r2": 0.4287028908729553
        },
        {
            "mse": 0.514674723148346,
            "mae": 0.567177951335907,
            "r2": 0.48532527685165405
        },
        {
            "mse": 0.4824383556842804,
            "mae": 0.5495444536209106,
            "r2": 0.517561674118042
        },
        {
            "mse": 0.47584474086761475,
            "mae": 0.5440176129341125,
            "r2": 0.5241552591323853
        },
        {
            "mse": 0.4666317403316498,
            "mae": 0.537574052810669,
            "r2": 0.5333682298660278
        },
        {
            "mse": 0.4368799328804016,
            "mae": 0.5206121206283569,
            "r2": 0.5631200075149536
        },
        {
            "mse": 0.4135633409023285,
            "mae": 0.50758296251297,
            "r2": 0.5864366292953491
        },
        {
            "mse": 0.3999784290790558,
            "mae": 0.4946858882904053,
            "r2": 0.6000216007232666
        },
        {
            "mse": 0.3942711651325226,
            "mae": 0.49364182353019714,
            "r2": 0.6057288646697998
        },
        {
            "mse": 0.38201215863227844,
            "mae": 0.4871244728565216,
            "r2": 0.617987871170044
        },
        {
            "mse": 0.37553486227989197,
            "mae": 0.4824138581752777,
            "r2": 0.6244651079177856
        },
        {
            "mse": 0.35512226819992065,
            "mae": 0.46993058919906616,
            "r2": 0.6448776721954346
        },
        {
            "mse": 0.34610438346862793,
            "mae": 0.4648398458957672,
            "r2": 0.6538956165313721
        },
        {
            "mse": 0.3381526470184326,
            "mae": 0.45869001746177673,
            "r2": 0.6618473529815674
        },
        {
            "mse": 0.3292587697505951,
            "mae": 0.45145025849342346,
            "r2": 0.6707412004470825
        },
        {
            "mse": 0.3304304778575897,
            "mae": 0.45285582542419434,
            "r2": 0.6695694923400879
        },
        {
            "mse": 0.32500991225242615,
            "mae": 0.4506407678127289,
            "r2": 0.6749900579452515
        },
        {
            "mse": 0.313120037317276,
            "mae": 0.4405922591686249,
            "r2": 0.6868798732757568
        },
        {
            "mse": 0.31517377495765686,
            "mae": 0.44354385137557983,
            "r2": 0.6848262548446655
        },
        {
            "mse": 0.30062344670295715,
            "mae": 0.43346107006073,
            "r2": 0.6993765830993652
        },
        {
            "mse": 0.2939450144767761,
            "mae": 0.42668649554252625,
            "r2": 0.7060550451278687
        },
        {
            "mse": 0.2869417667388916,
            "mae": 0.4220547378063202,
            "r2": 0.7130582332611084
        },
        {
            "mse": 0.27958357334136963,
            "mae": 0.4167706072330475,
            "r2": 0.7204164266586304
        },
        {
            "mse": 0.2699015438556671,
            "mae": 0.41022419929504395,
            "r2": 0.7300984859466553
        },
        {
            "mse": 0.2781277596950531,
            "mae": 0.4135403335094452,
            "r2": 0.7218722105026245
        },
        {
            "mse": 0.27744558453559875,
            "mae": 0.4159949719905853,
            "r2": 0.7225544452667236
        },
        {
            "mse": 0.2739609479904175,
            "mae": 0.41239917278289795,
            "r2": 0.7260390520095825
        },
        {
            "mse": 0.26693952083587646,
            "mae": 0.40941953659057617,
            "r2": 0.7330604791641235
        }
    ],
    "val_metrics": [
        {
            "mse": 0.9811696410179138,
            "mae": 0.8122183680534363,