{
    "train_loss": [
        0.32373723455450754,
        0.18559693974075894,
        0.16156802371595846,
        0.1486072786378138,
        0.13690513236956162,
        0.1381643432559389,
        0.1346676406083685,
        0.1367962577126243,
        0.11272364527438626,
        0.10618288442492485,
        0.10430894780791167,
        0.10682499645785852,
        0.09825697134841573,
        0.1028603393245827,
        0.10110648439237566,
        0.09518058281956297,
        0.09538029043963461,
        0.09136343222450126,
        0.08541634035381404,
        0.08624792962589047,
        0.08098394350346291,
        0.08042555844241922,
        0.08047328516840935,
        0.08217959681695158,
        0.07845871777019718,
        0.07630842207281878,
        0.07605099350665555,
        0.07413903302089735,
        0.08024925145913255,
        0.07661867344921286,
        0.07055937064190705,
        0.06584267515802023,
        0.06473987730163516,
        0.0639979751837073,
        0.058872026024442733,
        0.05974514889671947,
        0.05695999949944742,
        0.0579279170117595,
        0.056281780767621414,
        0.05623425780372186
    ],
    "val_loss": [
        0.22836100657780964,
        0.2147622565428416,
        0.14906958391269048,
        0.1460687428712845,
        0.35884498953819277,
        0.20557584861914316,
        0.4214237670103709,
        0.15934372196594873,
        0.11341102172931035,
        0.21686963935693104,
        0.1569672331213951,
        0.30370380679766334,
        0.10635538995265961,
        0.10779488136370977,
        0.12000859876473745,
        0.16068495611349742,
        0.12261833051840464,
        0.10449974338213602,
        0.11081544707218806,
        0.10885010162989299,
        0.10174819926420847,
        0.15763425827026367,
        0.09914201349020005,
        0.10067532857259115,
        0.10163155049085618,
        0.09842376857995987,
        0.10532904118299484,
        0.10389030873775482,
        0.10502399255832036,
        0.10301208049058914,
        0.09851008355617523,
        0.11099439660708109,
        0.1150700440009435,
        0.10160332123438517,
        0.09767605314652125,
        0.09973090638717015,
        0.10404177308082581,
        0.10460202197233835,
        0.10276147921880087,
        0.1030143936475118
    ],
    "train_metrics": [
        {
            "mse": 0.32452160120010376,
            "mae": 0.4389849007129669,
            "r2": 0.6754783987998962
        },
        {
            "mse": 0.18578359484672546,
            "mae": 0.3407845199108124,
            "r2": 0.8142163753509521
        },
        {
            "mse": 0.16159339249134064,
            "mae": 0.3179885447025299,
            "r2": 0.8384066224098206
        },
        {
            "mse": 0.14846161007881165,
            "mae": 0.30605003237724304,
            "r2": 0.8515384197235107
        },
        {
            "mse": 0.13718266785144806,
            "mae": 0.29320502281188965,
            "r2": 0.8628173470497131
        },
        {
            "mse": 0.13821454346179962,
            "mae": 0.2947058081626892,
            "r2": 0.8617854714393616
        },
        {
            "mse": 0.13492965698242188,
            "mae": 0.2900432050228119,
            "r2": 0.8650703430175781
        },
        {
            "mse": 0.13641992211341858,
            "mae": 0.292576402425766,
            "r2": 0.8635801076889038
        },
        {
            "mse": 0.11257964372634888,
            "mae": 0.26609736680984497,
            "r2": 0.8874203562736511
        },
        {
            "mse": 0.10632441937923431,
            "mae": 0.2598873972892761,
            "r2": 0.8936755657196045
        },
        {
            "mse": 0.10405916720628738,
            "mae": 0.25511136651039124,
            "r2": 0.8959408402442932
        },
        {
            "mse": 0.10671073943376541,
            "mae": 0.25762197375297546,
            "r2": 0.8932892680168152
        },
        {
            "mse": 0.09812934696674347,
            "mae": 0.24787595868110657,
            "r2": 0.9018706679344177
        },
        {
            "mse": 0.10307200998067856,
            "mae": 0.2542738914489746,
            "r2": 0.8969280123710632
        },
        {
            "mse": 0.10107963532209396,
            "mae": 0.2519460916519165,
            "r2": 0.8989203572273254
        },
        {
            "mse": 0.09497736394405365,
            "mae": 0.24507899582386017,
            "r2": 0.9050226211547852
        },
        {
            "mse": 0.09542864561080933,
            "mae": 0.24376922845840454,
            "r2": 0.9045713543891907
        },
        {
            "mse": 0.09144902974367142,
            "mae": 0.23894914984703064,
            "r2": 0.9085509777069092
        },
        {
            "mse": 0.0854472666978836,
            "mae": 0.23156233131885529,
            "r2": 0.9145527482032776
        },
        {
            "mse": 0.08637320250272751,
            "mae": 0.23247025907039642,
            "r2": 0.9136267900466919
        },
        {
            "mse": 0.08102625608444214,
            "mae": 0.22485466301441193,
            "r2": 0.9189737439155579
        },
        {
            "mse": 0.08035452663898468,
            "mae": 0.22389954328536987,
            "r2": 0.9196454882621765
        },
        {
            "mse": 0.08031453937292099,
            "mae": 0.2252112329006195,
            "r2": 0.9196854829788208
        },
        {
            "mse": 0.0822131484746933,
            "mae": 0.22611649334430695,
            "r2": 0.9177868366241455
        },
        {
            "mse": 0.07853172719478607,
            "mae": 0.221571683883667,
            "r2": 0.9214682579040527
        },
        {
            "mse": 0.07643917202949524,
            "mae": 0.21959638595581055,
            "r2": 0.9235608577728271
        },
        {
            "mse": 0.07595100998878479,
            "mae": 0.21733373403549194,
            "r2": 0.9240490198135376
        },
        {
            "mse": 0.07425615191459656,
            "mae": 0.21641288697719574,
            "r2": 0.925743818283081
        },
        {
            "mse": 0.08024974167346954,
            "mae": 0.2238077074289322,
            "r2": 0.9197502732276917
        },
        {
            "mse": 0.07652387768030167,
            "mae": 0.21996118128299713,
            "r2": 0.9234760999679565
        },
        {
            "mse": 0.07059331238269806,
            "mae": 0.21119093894958496,
            "r2": 0.9294067025184631
        },
        {
            "mse": 0.06588656455278397,
            "mae": 0.2033138871192932,
            "r2": 0.9341134428977966
        },
        {
            "mse": 0.06472223997116089,
            "mae": 0.20121435821056366,
            "r2": 0.9352777600288391
        },
        {
            "mse": 0.06402184814214706,
            "mae": 0.20049943029880524,
            "r2": 0.9359781742095947
        },
        {
            "mse": 0.05889308825135231,
            "mae": 0.19295775890350342,
            "r2": 0.941106915473938
        },
        {
            "mse": 0.05976272374391556,
            "mae": 0.19345226883888245,
            "r2": 0.940237283706665
        },
        {
            "mse": 0.05690368264913559,
            "mae": 0.1894705444574356,
            "r2": 0.9430963397026062
        },
        {
            "mse": 0.057826485484838486,
            "mae": 0.19163623452186584,
            "r2": 0.9421735405921936
        },
        {
            "mse": 0.05628049746155739,
            "mae": 0.1883544921875,
            "r2": 0.9437195062637329
        },
        {
            "mse": 0.056158337742090225,
            "mae": 0.1881929636001587,
            "r2": 0.9438416361808777
        }
    ],
    "val_metrics": [
        {
            "mse": 0.2270049899816513,
            "mae": 0.38837355375289917,