{
    "train_loss": [
        1.5320112325928428,
        1.0152231545159311,
        1.004149944493265,
        1.0109682688207338,
        1.0060452412475238,
        0.9910066416769316,
        0.9956361136653207,
        0.9727310366702803,
        0.930262287457784,
        0.874034869851488,
        0.7701224052544796,
        0.5089417849526261,
        0.44383323689301807,
        0.3904808994495507,
        0.3815499878290928,
        0.36223522235046735,
        0.3468410688819307,
        0.3478416434743188,
        0.3342587769483075,
        0.32001982967961917,
        0.32091134786605835,
        0.30471886468656134,
        0.28743698222167563,
        0.29255116324533115,
        0.2908997702779192,
        0.2923092842102051,
        0.2883734195069833,
        0.28317488639643695,
        0.2799025207306399,
        0.2742870328101245,
        0.2629443673473416,
        0.2728001464045409,
        0.26289020839965704,
        0.26063091398188565,
        0.255821682286985,
        0.2601314886952891,
        0.2531719429023338,
        0.2607701095667752,
        0.24882896402568527,
        0.24867880096038184
    ],
    "val_loss": [
        0.9804520805676779,
        0.9806038498878479,
        0.9802963415781657,
        0.9806128581364949,
        0.9786380688349406,
        3.3490969498952228,
        0.9781973044077555,
        50.87899576822917,
        1.3022607366244,
        1.280494797229767,
        2.548546306292216,
        1.1462416251500447,
        0.7731757283210754,
        3.766713841756185,
        0.8427011132240295,
        0.8611936132113139,
        0.31235585510730746,
        1.0126434604326884,
        1.85574475924174,
        0.4764676590760549,
        1.164018714427948,
        0.2892301658789317,
        0.9076638062795003,
        0.2791397213935852,
        0.2319275399049123,
        0.24469844102859498,
        0.26039810180664064,
        1.8197604338328044,
        0.2643671641747157,
        0.6259838938713074,
        0.4264546036720276,
        0.44988577365875243,
        0.2761009852091471,
        0.20165487627188364,
        0.2414802889029185,
        0.20145504673322043,
        0.3402036468187968,
        0.24545543988545734,
        0.20373343229293822,
        0.22551081875960033
    ],
    "train_metrics": [
        {
            "mse": 1.5347081422805786,
            "mae": 0.913906991481781,
            "r2": -0.5347081422805786
        },
        {
            "mse": 1.0151550769805908,
            "mae": 0.8196026682853699,
            "r2": -0.01515507698059082
        },
        {
            "mse": 1.0045851469039917,
            "mae": 0.8149530291557312,
            "r2": -0.004585146903991699
        },
        {
            "mse": 1.0111018419265747,
            "mae": 0.8166441917419434,
            "r2": -0.011101841926574707
        },
        {
            "mse": 1.0048751831054688,
            "mae": 0.8130674362182617,
            "r2": -0.00487518310546875
        },
        {
            "mse": 0.9921451807022095,
            "mae": 0.8111674189567566,
            "r2": 0.007854819297790527
        },
        {
            "mse": 0.9962673187255859,
            "mae": 0.808569610118866,
            "r2": 0.0037326812744140625
        },
        {
            "mse": 0.9713873863220215,
            "mae": 0.8024036288261414,
            "r2": 0.028612494468688965
        },
        {
            "mse": 0.9306918978691101,
            "mae": 0.7840490937232971,
            "r2": 0.06930810213088989
        },
        {
            "mse": 0.8745287656784058,
            "mae": 0.7550757527351379,
            "r2": 0.12547123432159424
        },
        {
            "mse": 0.7713865041732788,
            "mae": 0.7054823040962219,
            "r2": 0.22861361503601074
        },
        {
            "mse": 0.5082862973213196,
            "mae": 0.5614438056945801,
            "r2": 0.4917137026786804
        },
        {
            "mse": 0.4442468285560608,
            "mae": 0.5199117064476013,
            "r2": 0.5557531714439392
        },
        {
            "mse": 0.3906538486480713,
            "mae": 0.4891970157623291,
            "r2": 0.6093461513519287
        },
        {
            "mse": 0.3815201222896576,
            "mae": 0.48603975772857666,
            "r2": 0.61847984790802
        },
        {
            "mse": 0.36184465885162354,
            "mae": 0.47288092970848083,
            "r2": 0.6381553411483765
        },
        {
            "mse": 0.34643447399139404,
            "mae": 0.4621768593788147,
            "r2": 0.653565526008606
        },
        {
            "mse": 0.3477906584739685,
            "mae": 0.46487656235694885,
            "r2": 0.6522093415260315
        },
        {
            "mse": 0.33383145928382874,
            "mae": 0.45398181676864624,
            "r2": 0.6661685109138489
        },
        {
            "mse": 0.3202574849128723,
            "mae": 0.4434967339038849,
            "r2": 0.6797425150871277
        },
        {
            "mse": 0.32070788741111755,
            "mae": 0.44594478607177734,
            "r2": 0.6792920827865601
        },
        {
            "mse": 0.30493199825286865,
            "mae": 0.4380803108215332,
            "r2": 0.6950680017471313
        },
        {
            "mse": 0.2875472903251648,
            "mae": 0.4213089346885681,
            "r2": 0.7124527096748352
        },
        {
            "mse": 0.29237255454063416,
            "mae": 0.42461875081062317,
            "r2": 0.7076274156570435
        },
        {
            "mse": 0.2907804846763611,
            "mae": 0.4239217936992645,
            "r2": 0.7092195153236389
        },
        {
            "mse": 0.2918406128883362,
            "mae": 0.4267940819263458,
            "r2": 0.708159327507019
        },
        {
            "mse": 0.28803345561027527,
            "mae": 0.42411375045776367,
            "r2": 0.7119665145874023
        },
        {
            "mse": 0.28280898928642273,
            "mae": 0.4171591103076935,
            "r2": 0.7171909809112549
        },
        {
            "mse": 0.28013527393341064,
            "mae": 0.41660863161087036,
            "r2": 0.7198647260665894
        },
        {
            "mse": 0.2747841775417328,
            "mae": 0.4110553562641144,
            "r2": 0.7252157926559448
        },
        {
            "mse": 0.2626756727695465,
            "mae": 0.4052177369594574,
            "r2": 0.7373243570327759
        },
        {
            "mse": 0.2725352346897125,
            "mae": 0.40968918800354004,
            "r2": 0.7274647951126099
        },
        {
            "mse": 0.26309138536453247,
            "mae": 0.4043707549571991,
            "r2": 0.7369086146354675
        },
        {
            "mse": 0.26011884212493896,
            "mae": 0.4014425575733185,
            "r2": 0.739881157875061
        },
        {
            "mse": 0.2554837465286255,
            "mae": 0.3985554277896881,
            "r2": 0.7445162534713745
        },
        {
            "mse": 0.2601722776889801,
            "mae": 0.40058812499046326,
            "r2": 0.7398277521133423
        },
        {
            "mse": 0.25337761640548706,
            "mae": 0.3967697322368622,
            "r2": 0.7466223835945129
        },
        {
            "mse": 0.2607945501804352,
            "mae": 0.4013218283653259,
            "r2": 0.7392054796218872
        },
        {
            "mse": 0.24932053685188293,
            "mae": 0.39396148920059204,
            "r2": 0.7506794333457947
        },
        {
            "mse": 0.24893265962600708,
            "mae": 0.3923023045063019,
            "r2": 0.7510673403739929
        }
    ],
    "val_metrics": [
        {
            "mse": 0.9811678528785706,
            "mae": 0.8150441646575928,