{
    "train_loss": [
        0.3123316703872247,
        0.17863469435410065,
        0.15318256277929654,
        0.14248292712551175,
        0.1398596762481964,
        0.13266940730990787,
        0.11834500492973761,
        0.11042972202553894,
        0.10835271543174078,
        0.10397369888695804,
        0.10292831774462353,
        0.10214936496181921,
        0.10188132750265526,
        0.10071533308787779,
        0.10104668964490746,
        0.10193400920340509,
        0.09010256307594704,
        0.08287155842690756,
        0.08419590979588754,
        0.0839769108164491,
        0.08237999457527291,
        0.0808293293935783,
        0.07943012164623449,
        0.07599683168033759,
        0.07659776604762583,
        0.07791293931729866,
        0.07728154144503853,
        0.07442714014288151,
        0.07618948376991531,
        0.06956775695311301,
        0.07477236595569235,
        0.07002805145175169,
        0.06676874349288868,
        0.06493107528623307,
        0.06343512412047747,
        0.0633974310687997,
        0.05684285571403576,
        0.05526173910634084,
        0.05350656226051576,
        0.05464395180796132
    ],
    "val_loss": [
        0.460660590728124,
        0.14775564869244892,
        0.15937700072924296,
        0.26416904032230376,
        0.165872065226237,
        0.18274827400843302,
        0.16476411620775858,
        0.11186132182677587,
        0.13640757252772648,
        0.11362412124872208,
        0.11455070773760477,
        0.11046560357014339,
        0.15666107734044393,
        0.158430877327919,
        0.1949914922316869,
        0.17321517914533616,
        0.10220521142085394,
        0.15633750557899476,
        0.10131144722302755,
        0.1355445548892021,
        0.14452919314304988,
        0.09791117360194525,
        0.11134432703256607,
        0.09888109664122263,
        0.10311393588781356,
        0.0976294070482254,
        0.10625505497058232,
        0.09255271504322687,
        0.11059606919685999,
        0.10671854466199875,
        0.10692574332157771,
        0.10326574444770813,
        0.09734922250111898,
        0.10456584095954895,
        0.10106913795073827,
        0.10282961875200272,
        0.08916095718741417,
        0.09179044887423515,
        0.09233102252086003,
        0.0918319784104824
    ],
    "train_metrics": [
        {
            "mse": 0.3128790259361267,
            "mae": 0.43402472138404846,
            "r2": 0.6871209740638733
        },
        {
            "mse": 0.17854546010494232,
            "mae": 0.3339116871356964,
            "r2": 0.8214545249938965
        },
        {
            "mse": 0.1532692313194275,
            "mae": 0.308358371257782,
            "r2": 0.8467307686805725
        },
        {
            "mse": 0.14248321950435638,
            "mae": 0.29942217469215393,
            "r2": 0.8575167655944824
        },
        {
            "mse": 0.13953030109405518,
            "mae": 0.29682040214538574,
            "r2": 0.8604696989059448
        },
        {
            "mse": 0.13267773389816284,
            "mae": 0.2875751554965973,
            "r2": 0.8673222661018372
        },
        {
            "mse": 0.11836343258619308,
            "mae": 0.273349404335022,
            "r2": 0.8816365599632263
        },
        {
            "mse": 0.11051594465970993,
            "mae": 0.2624177038669586,
            "r2": 0.8894840478897095
        },
        {
            "mse": 0.10832452028989792,
            "mae": 0.2607637047767639,
            "r2": 0.8916754722595215
        },
        {
            "mse": 0.10400910675525665,
            "mae": 0.255260169506073,
            "r2": 0.8959909081459045
        },
        {
            "mse": 0.10298768430948257,
            "mae": 0.25579750537872314,
            "r2": 0.8970122933387756
        },
        {
            "mse": 0.10215830057859421,
            "mae": 0.2535001337528229,
            "r2": 0.8978416919708252
        },
        {
            "mse": 0.10177754610776901,
            "mae": 0.25316476821899414,
            "r2": 0.8982224464416504
        },
        {
            "mse": 0.10093708336353302,
            "mae": 0.2517698109149933,
            "r2": 0.8990629315376282
        },
        {
            "mse": 0.10088568925857544,
            "mae": 0.2504175305366516,
            "r2": 0.8991143107414246
        },
        {
            "mse": 0.10183418542146683,
            "mae": 0.25418880581855774,
            "r2": 0.8981658220291138
        },
        {
            "mse": 0.09022635221481323,
            "mae": 0.23810061812400818,
            "r2": 0.9097736477851868
        },
        {
            "mse": 0.08285500109195709,
            "mae": 0.22770969569683075,
            "r2": 0.9171450138092041
        },
        {
            "mse": 0.08419203758239746,
            "mae": 0.22880859673023224,
            "r2": 0.9158079624176025
        },
        {
            "mse": 0.08399403095245361,
            "mae": 0.22957444190979004,
            "r2": 0.9160059690475464
        },
        {
            "mse": 0.08245821297168732,
            "mae": 0.2277137190103531,
            "r2": 0.9175418019294739
        },
        {
            "mse": 0.08077134191989899,
            "mae": 0.2246476709842682,
            "r2": 0.9192286729812622
        },
        {
            "mse": 0.07944224029779434,
            "mae": 0.22239695489406586,
            "r2": 0.9205577373504639
        },
        {
            "mse": 0.07595766335725784,
            "mae": 0.21880139410495758,
            "r2": 0.9240423440933228
        },
        {
            "mse": 0.07663317769765854,
            "mae": 0.21894684433937073,
            "r2": 0.9233668446540833
        },
        {
            "mse": 0.07786694169044495,
            "mae": 0.22120733559131622,
            "r2": 0.9221330881118774
        },
        {
            "mse": 0.07728806883096695,
            "mae": 0.21971234679222107,
            "r2": 0.9227119088172913
        },
        {
            "mse": 0.07432697713375092,
            "mae": 0.21621748805046082,
            "r2": 0.9256730079650879
        },
        {
            "mse": 0.07627614587545395,
            "mae": 0.21902567148208618,
            "r2": 0.9237238764762878
        },
        {
            "mse": 0.06953459978103638,
            "mae": 0.20899058878421783,
            "r2": 0.9304654002189636
        },
        {
            "mse": 0.07476074993610382,
            "mae": 0.21475060284137726,
            "r2": 0.9252392649650574
        },
        {
            "mse": 0.06984999775886536,
            "mae": 0.21032927930355072,
            "r2": 0.930150032043457
        },
        {
            "mse": 0.06666278839111328,
            "mae": 0.20481988787651062,
            "r2": 0.9333372116088867
        },
        {
            "mse": 0.06488153338432312,
            "mae": 0.2015492022037506,
            "r2": 0.9351184368133545
        },
        {
            "mse": 0.06336770951747894,
            "mae": 0.1994897723197937,
            "r2": 0.9366322755813599
        },
        {
            "mse": 0.06334905326366425,
            "mae": 0.19884148240089417,
            "r2": 0.9366509318351746
        },
        {
            "mse": 0.05670121684670448,
            "mae": 0.18827302753925323,
            "r2": 0.9432987570762634
        },
        {
            "mse": 0.055180370807647705,
            "mae": 0.18589982390403748,
            "r2": 0.9448196291923523
        },
        {
            "mse": 0.053482167422771454,
            "mae": 0.18302206695079803,
            "r2": 0.946517825126648
        },
        {
            "mse": 0.05462881550192833,
            "mae": 0.18538635969161987,
            "r2": 0.9453712105751038
        }
    ],
    "val_metrics": [
        {
            "mse": 0.4628511369228363,
            "mae": 0.5515531897544861,