{
    "train_loss": [
        0.30007329210639,
        0.16923884844238107,
        0.1551224085869211,
        0.14843066905935606,
        0.14815128380150505,
        0.1336857188831676,
        0.1404891244389794,
        0.1348106958197825,
        0.13256186393625807,
        0.12557125543103073,
        0.10989033521124811,
        0.10397935173276698,
        0.10091268925955801,
        0.10031946263078487,
        0.09904565108996449,
        0.09789771699544156,
        0.1000816546606295,
        0.0983672547295238,
        0.08654780719767917,
        0.08484730660689599,
        0.08177786224493475,
        0.08084593532663403,
        0.08123874003914269,
        0.07861345520976817,
        0.07659180445427244,
        0.07710994006783674,
        0.07637834255442474,
        0.07622006416998127,
        0.0734777876712156,
        0.07517849253208349,
        0.07460803702247865,
        0.07450551534015121,
        0.0709553753787821,
        0.07062942602417686,
        0.06558797068216583,
        0.06296496719799259,
        0.06317226408105908,
        0.05977603081952442,
        0.05585499576321154,
        0.05400328202681108
    ],
    "val_loss": [
        0.2117510398228963,
        0.15787085046370825,
        0.17628438274065653,
        0.1534801055987676,
        0.19096795320510865,
        0.14257814238468805,
        0.2565312186876933,
        0.30099817117055255,
        0.1726259022951126,
        0.1821968456109365,
        0.15446107387542723,
        0.18187222679456075,
        0.1500933070977529,
        0.10658193056782087,
        0.11650604605674744,
        0.16634081800778708,
        0.11043018897374471,
        0.13006153255701064,
        0.1053533136844635,
        0.10093681613604227,
        0.10926037629445394,
        0.11349320809046427,
        0.10087760090827942,
        0.11116839796304703,
        0.10530009220043818,
        0.11842937171459197,
        0.09754252036412557,
        0.09745193670193354,
        0.09785853872696558,
        0.09191086590290069,
        0.09636216113964717,
        0.11334755867719651,
        0.12981786380211513,
        0.11314721057812373,
        0.10252568821112315,
        0.09727716247240702,
        0.09754717797040939,
        0.09419448723395665,
        0.09547536621491114,
        0.0997474362452825
    ],
    "train_metrics": [
        {
            "mse": 0.3007414638996124,
            "mae": 0.41898077726364136,
            "r2": 0.6992585062980652
        },
        {
            "mse": 0.16927777230739594,
            "mae": 0.3272363543510437,
            "r2": 0.8307222127914429
        },
        {
            "mse": 0.15532217919826508,
            "mae": 0.3123490810394287,
            "r2": 0.8446778059005737
        },
        {
            "mse": 0.14811259508132935,
            "mae": 0.30291712284088135,
            "r2": 0.8518874049186707
        },
        {
            "mse": 0.14843040704727173,
            "mae": 0.30454719066619873,
            "r2": 0.8515695929527283
        },
        {
            "mse": 0.13370133936405182,
            "mae": 0.2874857485294342,
            "r2": 0.8662986755371094
        },
        {
            "mse": 0.14030587673187256,
            "mae": 0.29564133286476135,
            "r2": 0.8596941232681274
        },
        {
            "mse": 0.13477842509746552,
            "mae": 0.28902503848075867,
            "r2": 0.8652216196060181
        },
        {
            "mse": 0.1328122466802597,
            "mae": 0.28769341111183167,
            "r2": 0.8671877384185791
        },
        {
            "mse": 0.12580348551273346,
            "mae": 0.2784857451915741,
            "r2": 0.8741965293884277
        },
        {
            "mse": 0.10982746630907059,
            "mae": 0.26191186904907227,
            "r2": 0.89017254114151
        },
        {
            "mse": 0.10398494452238083,
            "mae": 0.2560247778892517,
            "r2": 0.8960150480270386
        },
        {
            "mse": 0.10097967088222504,
            "mae": 0.25064921379089355,
            "r2": 0.8990203142166138
        },
        {
            "mse": 0.10017623752355576,
            "mae": 0.251218318939209,
            "r2": 0.899823784828186
        },
        {
            "mse": 0.0990157201886177,
            "mae": 0.2497352808713913,
            "r2": 0.9009842872619629
        },
        {
            "mse": 0.09801655262708664,
            "mae": 0.24751240015029907,
            "r2": 0.9019834399223328
        },
        {
            "mse": 0.10006445646286011,
            "mae": 0.25059810280799866,
            "r2": 0.8999355435371399
        },
        {
            "mse": 0.09855606406927109,
            "mae": 0.24691517651081085,
            "r2": 0.9014439582824707
        },
        {
            "mse": 0.08668512105941772,
            "mae": 0.2338467836380005,
            "r2": 0.9133148789405823
        },
        {
            "mse": 0.08474300801753998,
            "mae": 0.2305174022912979,
            "r2": 0.9152569770812988
        },
        {
            "mse": 0.08181553333997726,
            "mae": 0.22594867646694183,
            "r2": 0.9181844592094421
        },
        {
            "mse": 0.0809348002076149,
            "mae": 0.22465914487838745,
            "r2": 0.9190651774406433
        },
        {
            "mse": 0.08109521865844727,
            "mae": 0.2260102480649948,
            "r2": 0.9189047813415527
        },
        {
            "mse": 0.07866618782281876,
            "mae": 0.22163322567939758,
            "r2": 0.9213337898254395
        },
        {
            "mse": 0.0767286941409111,
            "mae": 0.21875353157520294,
            "r2": 0.9232712984085083
        },
        {
            "mse": 0.07710043340921402,
            "mae": 0.2187008261680603,
            "r2": 0.9228995442390442
        },
        {
            "mse": 0.07650818675756454,
            "mae": 0.2186373919248581,
            "r2": 0.9234918355941772
        },
        {
            "mse": 0.07617698609828949,
            "mae": 0.21841980516910553,
            "r2": 0.9238229990005493
        },
        {
            "mse": 0.07346650958061218,
            "mae": 0.2139671891927719,
            "r2": 0.9265334606170654
        },
        {
            "mse": 0.07517160475254059,
            "mae": 0.2171388566493988,
            "r2": 0.9248284101486206
        },
        {
            "mse": 0.07459795475006104,
            "mae": 0.21596725285053253,
            "r2": 0.925402045249939
        },
        {
            "mse": 0.07452166080474854,
            "mae": 0.2166810929775238,
            "r2": 0.9254783391952515
        },
        {
            "mse": 0.0709577202796936,
            "mae": 0.21040473878383636,
            "r2": 0.9290422797203064
        },
        {
            "mse": 0.07058263570070267,
            "mae": 0.2099788933992386,
            "r2": 0.9294173717498779
        },
        {
            "mse": 0.06546687334775925,
            "mae": 0.20191790163516998,
            "r2": 0.9345331192016602
        },
        {
            "mse": 0.06299745291471481,
            "mae": 0.19783584773540497,
            "r2": 0.9370025396347046
        },
        {
            "mse": 0.06305035203695297,
            "mae": 0.19826361536979675,
            "r2": 0.9369496703147888
        },
        {
            "mse": 0.059819381684064865,
            "mae": 0.19356437027454376,
            "r2": 0.9401805996894836
        },
        {
            "mse": 0.05589313432574272,
            "mae": 0.18717285990715027,
            "r2": 0.9441068768501282
        },
        {
            "mse": 0.05402311310172081,
            "mae": 0.18399792909622192,
            "r2": 0.9459769129753113
        }
    ],
    "val_metrics": [
        {
            "mse": 0.21473127603530884,
            "mae": 0.36819958686828613,